70 125 74 76 146 16 161 64 2 26 180 183 182 2 119 192 1 195 104 90 42 12 35 53 172 26 48 34 161 123 137
102 24 17 149 42 112 67 46 49 50 50 128 88 74 69 147 72 5 40 24 44 119 168 117 118 82 66 99 155 3 197 28 153 127 113 99 8 44
144 160 132 137 74 178 27 92 107 130 138 1 30 96 94 45 92 58 67 64 123 54 166 196 91 112 115 150 65 123 36 97 95 49 57 45
115 45 142 161 101 94 151 29 70 62 117 18 177 131 115 170 133 5 178 116 99 30 51 97 102 108 157 40 33 66 189 21 160 56 69 108 112 128 139 127 193 176 18 181 89 140 123
184 57 22 101 99 18 36 192 127 173 121 192 169 56 21 38 186 61 133 145 149 85 111 8 80 123 179 12 198 151 45 16 79 58 78 41 112 158 124
140 179 76 57 84 96 95 3 94 159 179 150 146 6 34 93 191 40 197 3 1 8 24 121 72 114 62 82 117 2 139 123 103 34 2 33 3 12 183 2 184 71 75 96 104
15 74 91 181 88 30 22 198 133 9 43 72 40 179 117 128 21 41 93 12 176 89 128 111 127 63 38 2 194 110 91 17 24 60 129 62 54 145 130 158 146 178 81
178 85 45 175 48 24 29 131 188 85 41 143 98 154 27 172 7 67 21 164 60 101 88 101 197 167 75 194 99 125 149 92 174 81 59
87 74 55 30 15 103 191 149 21 175 27 17 140 10 3 97 101 65 169 82 79 176 137 11 144 6 199 107 93 172 169 136 189 188 159 35
126 114 189 37 26 90 101 177 48 197 4 170 110 173 58 47 130 33 181 144 126 200 107 98 20 18 116 148 124 124 63 169 71 127 180 130 74 26 20 119 26 9 130 195 50 129 21
10 86 121 198 160 2 160 88 192 132 107 144 55 110 11 32 8 41 157 63 83 101 4 65 23 194 165 55
71 35 196 112 26 148 158 30 199 111 10 167 50 64 16 73 19 191 172 156 25 78 84 2 137 87 148
141 77 125 128 22 118 66 70 128 173 56 88 196 116 34 155 41 194 30 33 38 148 137 157 107 140 156 24 5 50 124 88 152 47 198 134 139 127 96 106 37 14 147 96 50 101
56 60 160 62 36 51 7 109 170 59 153 41 47 114 54 56 6 153 171 11 155 124 140 34 51 171 116 193 183 143 132 23 13 58 188 31 197 197 20 124 165 94
59 139 199 45 180 74 70 15 146 55 28 98 190 36 60 35 69 63 147 101 125 119 124 146 62 44 43 61 99 20 105 158 158 94 141 154 30 52 27 36 111 117 75 169 55
124 136 68 185 179 112 113 34 155 28 145 170 17 195 185 197 44 64 58 130 161 19 161 90 145 21 111 166 6 108
15 79 51 40 23 168 160 189 24 27 123 8 71 64 150 1 155 53 147 70 73 73 162 155 112 44 188 54 54 71 96 71 107 100 192 34 131 86 57 75 148 43 130 129 138 118 112 10 108
174 79 165 190 146 148 124 154 14 48 38 54 67 55 82 37 169 67 140 161 153 126 124 26 40 30 169 84 168 96 179
32 20 192 24 14 31 111 129 85 156 144 135 10 117 73 28 47 112 96 169 111 188 69 115 90 139 115 159 5
112 115 86 61 100 121 167 155 39 190 72 168 94 81 147 106 151 80 99 68 50 154 140 141 92 61 138 113 62
72 83 98 49 148 57 195 76 96 85 36 67 118 188 10 151 170 15 3 39 112 71 111 84 171 81 159 36 197 14 67 101 17 192 33 121 180 110 110 197 114 135 181 135 40 182 179
136 160 147 36 149 184 77 71 67 38 55 166 193 50 40 149 10 116 101 61 159 175 142 182 17 3 154 107 152 186 81 105 45
3 76 89 74 81 82 29 124 165 34 55 33 176 169 142 127 64 95 194 89 37 123 46 29 70
13 98 52 62 4 135 184 80 18 115 105 189 82 79 136 31 42 124 103 39 175 140 186 54 78 24 25 71 144 24 134 124 183 44 106 82 180 58 68 143
8 49 54 197 24 51 184 28 68 146 108 179 5 179 150 123 104 105 156 137 141 142 37 127 196 61 7 26 86 157 81 122 116 31 106
30 133 12 69 58 68 106 120 136 61 81 172 143 48 161 49 186 138 185 28 32 1 75 20 60 167 1 197 31 80 124 138 177 130 68 93 191 51 113 124 13 8 146 67 139
113 90 142 82 84 24 97 171 76 182 124 91 58 118 119 113 168 23 166 133 191 59 157 102 53 107 13 133 45 43 73 152
57 32 74 60 196 30 32 22 139 76 154 52 70 185 36 4 198 118 46 102 1 89 34 56 135 102 65 196 129 77 160 196 120 131 92 189 164 200 99 103 137 115 155 105 115
65 80 77 67 171 101 85 143 62 66 33 39 190 158 180 196 100 45 200 186 124 35 88 118 57 15 155 12 146 102 116 36 68 66 43 191 188 127 4 82 82 35
175 179 174 12 148 20 74 189 125 197 32 59 101 98 138 51 56 26 185 169 25 142 48 179 168 153 165 18 98 14 119 8 93 147 61 141 6 138 77 117 63 195 160 24 181 138 182 159 28
179 44 99 9 171 183 50 35 66 130 94 40 17 139 66 57 158 79 19 89 174 178 3 42 154 107 124 166 40 172 169 174 139 141 50 111 120 68 137 55 139 86 106 30
111 99 133 150 57 121 194 119 95 6 146 51 181 41 118 34 130 186 86 192 89 184
121 172 185 29 126 2 183 82 7 124 82 174 101 190 14 24 162 65 38 49 59 15 165 197 45 60 153 143 167
13 1 133 11 72 111 113 111 99 96 68 172 138 42 46 42 24 57 70 28 134 143 144 160 98 180 83 188 80 131 132 12 77 120 8 92 96 3 152 120 175 69 120 34 130 5 169 121
154 52 186 126 198 57 86 78 31 166 169 77 59 161 129 124 197 85 15 134 2 57 13 95 106 41 22 17 182 141
184 33 74 194 9 131 79 36 167 101 145 170 23 143 25 94 50 165 79 16 127 36 161 135 6 140 60 15 5 104 166 183 2 127 142 72
99 168 67 30 137 122 13 77 48 6 85 16 39 48 144 190 178 79 12 160 30 109 26 17 141 160 129 66 16 10 44 175
9 181 168 178 169 20 54 51 169 181 33 102 110 114 31 83 7 77 120 25 60 40 71 7 147
82 89 141 135 52 30 96 154 160 122 138 167 168 199 64 62 42 200 1 194 111 79 78 180 193 42 74 195 128 64 185 146 31 164 182 70 4 159 23 117 194 135 101 55
38 40 42 146 17 197 123 10 27 94 37 122 82 56 118 9 169 173 24 177 191 50 53 2 161 72 151 129 55 152 138 22 130 84 160
37 103 12 101 12 155 146 40 150 70 128 110 160 176 99 18 15 147 100 46 170 94 193 91 133 180 12 44 20 18 30 191 127 142 149 138 35
82 18 158 64 14 95 153 69 50 161 4 124 38 169 82 24 178 122 166 170 168 54 106 188 11 100
157 101 10 145 42 125 79 141 137 126 63 98 97 83 116 175 49 28 46 181 86 9 83 9 19 47 192 66 105 165 190 137 145 198 95 89 186 112
140 113 113 162 156 194 107 138 50 156 135 70 96 40 84 38 128 108 121 112 129 69 131 137 27 29 30 115 45 177 188 99 150 143 197 199 101 49 160 180 102 37 155 127 28 132 12 11 21
127 198 191 32 186 13 83 199 189 3 134 141 24 29 188 131 196 33 132 117 91 190 116 11 87 133 197 103
14 23 153 17 7 128 195 44 44 94 28 101 31 109 129 130 149 101 171 47 175 142 35 67 133 55 21 118 91 81 9 149 158 74 41 111 38
194 167 195 90 31 155 55 17 78 31 115 170 122 155 182 151 99 51 142 127 141 81 183 151 68 148 62 30
161 16 53 10 46 149 147 15 188 174 61 133 60 170 124 89 41 154 85 176 144 173
150 141 196 104 114 128 32 27 171 185 125 17 26 109 127 121 95 148 186 157 7 16 16 65 67 179 70 100 24
26 130 30 166 131 118 172 127 131 125 172 57 198 101 166 137 24 9 1 164 9 21 108 101 41 53 139 181 120 162 129 52 96 75 154 1
125 114 111 8 152 48 81 142 37 145 6 181 35 102 86 27 151 194 153 112 161 30 101 182 189 8 76 181 90 126 20 5 141 69 15 115 50 110 190 70 172
69 21 156 147 116 155 150 20 191 124 98 95 157 186 57 62 49 83 111 115
57 90 111 110 93 136 55 178 199 51 175 69 77 167 87 185 145 31 134 157 14 200 35 30 138 32
71 158 169 143 190 101 58 78 198 84 161 8 178 25 73 156 148 137 55 49 192 124 62 135 82 31 186 34 18 24 93 81 157 26 115 128 48 25 101 33 27 139 114
117 56 7 70 34 139 45 84 18 131 48 26 164 116 92 69 177 158 143 9 80 148 138 73 61 28 126 40 25 105 153 29 64 132 5 190 149 180 20
69 189 88 28 167 162 159 193 198 146 198 23 5 100 178 138 98 62 147 68 96
1 14 188 140 84 52 181 23 151 90 196 141 173 199 28 198 179 198 121 145 191 125 125 134 22 65 104 80 195 193 193 29 11
26 121 107 109 154 177 180 31 154 140 162 14 174 167 60 107 35 79 12 91 109 149 8 143 11 152 53 64 126 74 41 122
182 164 13 139 155 126 94 115 93 53 162 3 23 186 115 46 40 189 64 131 185 91 61 165 67 194 22 59 49 83 59 6 41 77 53 96 124 60 196 146 107 169 130
157 162 172 37 21 83 193 191 26 164 75 34 22 87 95 74 148 159 16 179 12 89 157 61 172 108 38 124 88 126 199 48 183 166
175 90 189 34 10 82 153 174 53 22 1 107 97 166 1 45 59 101 36 171 194 120
93 34 30 67 11 55 34 38 153 76 86 171 197 199 146 115 132 106 32 95
176 137 17 136 157 36 99 44 38 32 88 84 177 104 177 83 124 113 27 19 158 184 92 70 157 92 166 62 152 141 142 36 96 159 139
55 117 36 165 106 61 159 173 57 138 104 91 60 114 47 169 136 14 100 88 103 82 3 40 69 79 32 161 21 77 178 117 27 2 141
19 31 183 114 83 98 183 124 149 166 24 73 109 154 189 30 51 200 175 196
58 55 173 149 113 134 10 55 155 38 177 131 8 127 36 98 113 194 6 182 93
54 101 130 110 128 121 150 188 193 198 33 170 39 197 21 169 56 86 147 196 47 104 37 129 121 48 31 181 147 175 99 108 139 184 5 80 60
9 73 44 98 117 21 107 152 159 55 109 17 14 104 89 157 34 11 113 84 151 16 119 44 85 22 101 88 159 40 69 46 92 124 69 15 43 128 199 81 49
118 1 160 73 72 117 44 64 53 124 46 152 90 45 32 196 158 129 9 113 124 123 146
12 190 193 39 158 116 199 15 27 144 166 106 66 191 143 179 151 44 36 66 188 86 191 39 85 168 106 42 134 7 37 30
90 45 61 158 139 63 13 111 96 155 165 158 63 173 155 191 177 48 83 196 54 193 53 73 35 129 96 4 155 129 197 74 141 73 93 50 8 193 1 7 37 99 53 41 55
179 126 104 18 91 147 174 71 18 46 108 99 182 75 94 158 12 157 149 168 177 155 112 51 68 180 82 146 55 12 144 7 100 192 7 63 74 52 140 70 58 23 58 34 119 189 144 81 104
89 125 28 51 167 32 21 145 170 107 129 114 141 34 140 194 185 160 67 11 58 64 76 173 46 24 10 124 137 182 16 120 19 174 86 55 148 158 129 199 180 142
20 10 16 162 137 9 113 13 102 173 178 134 46 71 8 157 124 94 140 183 33 51 22 192 92 47 126 38 74 70 130 45 81 53 109
76 183 168 119 28 31 12 45 39 26 185 115 113 49 30 61 36 96 188 80 171 145
12 75 158 53 76 181 98 121 21 85 128 155 71 126 80 173 91 102 106 73 79 130 101 62 24 168 3 75 120 176 143 129 15 175 2 199 102 167 165 62 64 172 196
43 101 16 37 87 160 122 50 81 178 189 174 171 88 62 53 102 78 93 115 195 131 200 11
52 175 130 38 85 70 142 143 110 25 14 133 107 32 97 146 113 167 175 5 83 31 194 110 142 52 38 200 171 191 6 164 101 132 101 177 125 29 154 160 44 58 168 17 134 122 13 122 61 111
64 59 130 7 17 134 181 118 87 48 7 115 125 136 13 56 125 184 87 22 198
2 57 167 13 10 101 172 160 167 34 129 126 81 98 200 40 179 45 45 7
70 43 171 73 12 67 132 47 118 165 7 152 164 65 164 7 124 10 103 169 50 109 79 119 74 90 96 134 18 190 4
125 112 179 196 199 92 101 65 46 117 97 84 156 67 174 71 34 151 195 155 92 51 143 186 28 161
178 181 102 200 56 17 124 128 179 53 12 56 74 90 162 85 150 172 128 35 188
42 73 36 145 101 38 34 44 90 21 53 155 34 71 84 66 92 143 74 144 91 130 161 164 91 63 120 74 29 115 110 160 29 51 169 146 149 15 3 28 195 180 5
11 80 182 66 136 165 11 124 160 72 22 77 4 60 39 39 101 87 198 6 91 44 61 130 174 26 120 185 132 129 28 48 129
32 128 63 72 144 124 85 92 189 69 117 68 126 127 156 93 60 136 112 4 88 99 110 190 146 124 23 168 41 104 4 122 9 121 5 189 143 51 194 22
184 109 107 75 182 175 43 158 5 11 188 194 142 99 47 13 165 167 159 143 109 183 132 7 106 20 79 1 54 121 185 199
3 25 1 80 54 113 54 20 155 51 76 82 10 54 27 86 125 81 174 7 154 184 65 89 35 27 109 146 119 119 38
133 183 99 3 178 176 98 129 121 185 73 144 46 80 17 5 15 95 1 60 65 72 157 31 70 147 178 151 175 190 169 108 87 178 194 116 59 35 111 22 13 16 195
151 59 64 159 192 158 123 29 10 108 12 48 174 89 23 134 47 49 66 169 101 161 133 58 70 189 154 177 30 127 34 1 95 62
3 67 131 70 72 18 55 157 122 143 130 5 158 126 130 193 99 2 83 191 174 198 68 152 103
34 105 34 43 175 5 55 156 46 140 69 112 95 113 160 149 154 104 47 177 59 198 178 38 89 26 141 22 37 186 154 65 37 117 56 179 8 154 53 38 72 42 114 148 123 70
7 72 84 145 6 133 30 92 153 55 196 143 47 196 54 160 175 91 6 34 25 28 107 45 8 88 113 39
152 104 161 176 154 155 129 23 157 60 185 93 102 79 11 141 28 97 7 119 78 19 35 184 165 178 88 160 126 113 6 20 93 143 178 74 34
159 134 178 75 66 172 159 17 4 175 88 19 29 30 74 20 185 41 198 101 75 18 6 2 141 147 130 124 131 7 193 118 43 48 188 184 55 39 176 92 54
2 40 167 40 197 117 67 41 76 79 60 97 76 115 200 180 200 100 88 135 3 182 134 13 31 167 181 105 105 140
145 41 122 31 46 139 91 72 194 92 72 64 131 190 122 200 9 147 50 70 198
71 116 195 124 135 165 80 54 165 185 76 200 101 147 97 72 149 4 71 29 198 124 98 63 135 151 52 120 53 105 47 43 101 19 180 190 41 34 155 155 183 91 197 8 178 39
147 142 72 101 184 114 157 8 65 192 83 9 121 133 156 38 62 197 107 191 137 189 35 145 130 36 94 141 127 189 137 130 94 34 193 30 100 10 41 181 37 167 189 150 151 45 180
10 121 49 95 142 1 14 88 194 11 181 33 10 151 171 110 156 20 77 153 134 112 24 31 62 25 191 158 197 124 144 133 104 147 85 3 55 136 98 75 39 77 76 141 137 28 90 158
122 125 84 106 20 152 12 20 20 49 131 116 71 20 143 51 59 134 96 59 100 184 104 182 93 140 124 183 22 193 19 124 103 18 91 153 154 66
13 95 86 109 161 180 111 160 94 75 192 4 54 155 21 34 181 132 144 111 43 114 175 97 140 21 94 88 42 27 90 111 80
166 94 94 77 8 104 153 67 120 53 104 85 119 157 127 158 88 12 75 100 110 39 145 200 150 51 63 13 125 125 175 177 191 93 28
194 192 32 30 27 42 161 112 147 146 146 115 79 68 22 60 198 85 5 115 48 157 132 91 159 75 35 52 8 172 69 29 106 67 38 196 8 111 152 22 133 179 168 4 54 113
85 2 125 104 27 111 46 50 103 11 64 192 116 177 118 170 146 2 164 165 93 196 103 102
38 64 1 12 169 79 54 48 192 124 42 68 137 189 69 101 160 154 197 117 86 157 46 70 78 131
124 76 165 96 72 73 78 79 80 151 19 96 198 173 107 106 110 164 28 24 151 80 18 38 162 167 84 32
6 177 120 74 30 131 118 173 174 9 150 34 101 63 94 177 153 153 131 26 30 165 177 196 137 13 147 72 159 135 83 59 184 67 42 60 196 157 177 80 181 183 135 93 38 99
164 21 114 24 21 143 81 115 149 192 13 93 142 8 107 75 141 79 3 150 157 160 20 71 152 195 23 55 118 73 17 178 77 16 197 157 10
174 152 180 167 136 86 31 101 9 41 95 19 188 26 85 158 172 96 16 143 73 184 83 45
38 101 127 195 40 185 176 188 32 63 192 153 162 85 151 97 182 179 3 15 24 98 135 55 46 12 183 57 44 72 53 111 1 30 96 68 109 172 14 106 83 6 48 44
137 169 134 172 21 114 121 189 53 87 17 141 9 153 159 107 153 24 192 179 51 164 44 38 129 62 49 126 139 89 91 173 2 10 1 174 166 168 47 67 33 113 144 73 158 167 159 85 77 148
71 113 172 141 65 161 167 107 58 186 166 16 136 182 176 121 166 71 104 123 41 108 128 58 156 90 141 69 125 117 76 197 71 114 101 139 188 140 121 147 55 13 169 41 42 124 31 169 86
150 9 189 42 107 11 132 71 139 191 148 166 65 59 197 154 178 81 48 17 146 17 123 118 44 61 117 178 79 76 157 76 20 31 143 128 75 1 41 116 182 161 74 45 66 4 103 66
92 119 96 147 34 147 134 143 175 17 27 57 95 36 137 159 186 30 108 43 59 184 106 18 116 181 180 35 184 60 16 191 117 178 17 51 122 84 54 195 42 123 95 69 30 177 124 182 71 124
171 134 123 191 100 37 180 104 108 24 131 180 49 126 128 10 107 121 100 155 106 70 43 186 141 89 145 35 66 46 28 40 178 15 148 135
113 1 1 141 152 108 176 30 117 155 181 118 154 82 63 132 132 102 36 10 125 68 124 89 74 46 19 178 45 10 107 149 82 4 200 113
14 83 131 10 151 66 106 108 83 129 8 49 49 70 149 191 96 8 98 184 175 12 199 13 168 147 110 16 18 17 22 17 20 83 197 130 13 119 48 173
94 101 147 19 10 178 176 174 118 160 123 164 93 111 47 134 75 190 182 166 177 177 12 127 72 26 93 85 152 95 52
103 116 86 66 186 132 50 96 54 32 104 132 197 5 111 122 170 177 116 121 103 72 28 23 199 60
72 82 30 29 7 153 64 87 62 17 152 194 168 70 100 175 120 69 126 166 110 61 140 28 74 124 70 108 156 136 91 9 104 78 83 87 96 19 139 195
132 2 56 42 38 93 175 102 76 111 123 168 150 94 198 80 87 145 30 28 76 162 93 9 14 57 103 40 112 174 148 98 41 21 156 1 101 22 134 28 149 172 10 87 84 18 86 104 100
25 81 41 158 168 185 107 100 38 57 23 14 191 42 137 70 95 4 183 84 73 122 23 180 114 86 147 160 135 64 193 25 155 180 53 56 124 198
158 173 15 57 61 6 14 108 105 139 126 138 139 179 82 43 27 42 177 51 66 137 83 65 85 22 35 153 85 62 55 134 128 99
31 40 86 177 19 135 59 107 44 8 152 73 76 200 106 5 74 127 183 176 36 152 70 77
21 69 56 9 79 154 64 119 25 84 72 13 145 192 17 14 41 4 47 53 173 62 98 188 13 143 153 176 112 65 31 39 115 123 39 57 83 156 43 12 122 67 16
63 161 64 73 23 140 69 86 196 93 16 135 9 48 14 151 97 108 116 84 9
93 55 60 198 191 146 69 107 171 61 106 16 167 69 85 118 53 144 178 160 38 76 129 176 89 22 115 199 89 72 139 3 28 88 72 168 116 74 172 86 9 126 11 53 12 159
154 27 101 145 145 34 85 108 103 116 88 41 65 39 194 168 151 119 164 9 76 38 98 55 178 85 188 61 30
166 106 92 171 18 41 28 19 14 79 100 42 29 104 99 74 47 181 92 18 38
39 67 49 152 83 148 175 94 171 18 116 7 104 184 112 12 50 80 6 185 125 19 9 117 162 61 131 161 194 70 16 130 96 164
13 174 80 191 89 195 148 45 17 36 52 140 96 96 42 165 8 62 29 93 26 110 42 124 172 123 172 127 89 19 134 172 29 1 118 55 49 193 126 50 88 19
124 171 61 151 184 80 139 171 115 75 44 11 169 6 158 19 92 198 41 99 1 101 10 55 81 27 195 178 14 148 83 55 69 62 9 78 180 126 132 58 50 158 24 154 57 77 129 41
144 95 200 47 148 131 83 46 36 33 66 33 168 150 59 114 141 57 21 23 61 48 106 119 164 156 158 29 102 75 115 94 125 69 178 197 157 42 76 197 31 84 23 11 123 12 35 99
186 54 17 43 29 200 99 181 21 22 62 85 40 4 26 147 114 198 194 188 186 54 96 167 145 83 63 156 189 122 53 2 41 52 102 84 96 97 44 8 116 55 38
62 180 85 1 126 122 38 113 153 146 191 107 33 189 134 105 176 81 47 11 54 192 189 71 12 116 143
136 164 196 74 47 63 45 159 125 43 40 170 194 159 8 167 8 115 43 41 105 199 79 31 150 127 15 129 181 5 142 186 79 50 39 4 142 14 134 166 4 75 150 20 125 49 131 89
135 31 172 80 62 6 173 76 199 79 127 183 64 117 77 74 111 47 181 59 75 170 88 194 162 5 6 11 10 135 126 132 196 25 105 147 20
20 153 158 154 30 88 56 119 74 7 10 29 186 105 167 40 136 74 42 22 27 60 181 162 81 130 192 27 140 123 65 171 108 196 14 147 119 68 102 161 22 99 118 165
199 98 37 43 107 1 72 7 100 195 112 116 84 178 114 112 71 154 65 166 150
94 48 160 149 134 18 89 22 15 87 175 61 87 44 105 196 11 89 19 200 64 82 169 76 40 161 170 162 140 124 102 157 11 183 133 124 77 25 185 45 20 112 188 200 191 132 16
66 142 88 149 54 139 117 105 121 79 195 117 17 68 71 183 189 104 167 24 58 137 176 1 133 173
96 10 59 3 52 146 31 85 182 141 62 82 102 162 131 193 83 194 90 36 175 179 58 99 107 200 32 53 142 78
39 98 61 139 89 122 95 99 14 79 153 129 66 117 102 12 36 71 140 90 35 114 10 54 102 160 173 110 49 183 129 157 8 6 124 141 9 2 185
99 101 53 12 26 116 153 29 71 162 151 186 91 131 176 31 116 180 72 143 95 139 91 16 85 127 1 72 116 133 184 99 151 184 165
200 130 20 84 113 172 33 117 75 62 68 157 104 115 56 100 144 64 133 72 50 5 186 158 137 156 65 197 190 31 95 33 65 136 31 111 116 105 138 98 90 150 170 67 47 110 120 24 85
133 46 98 24 126 129 55 188 170 84 33 89 28 96 134 185 153 96 93 41 75 8 103 47 75 166 105 45 170 189 151 192 131 59 127 71 161 199 116 140 121 107 3 32 182 190 144 141
109 11 120 43 158 23 9 11 107 111 35 164 131 196 81 183 45 174 172 30 77 27 108 143 39 197 35 185 117 121 177 13 144 100 33 25 193 70 153 150 7 133 173 65
42 14 168 49 112 78 60 14 42 13 153 115 18 137 149 56 130 35 12 5
191 131 22 28 70 197 37 162 37 134 16 3 88 88 107 117 62 133 29 28 57 173 83 60 146 44 4 71 186 152 14 161 46
149 172 51 34 110 188 86 88 22 95 79 146 109 146 45 54 69 132 29 94 61
25 89 114 50 112 112 170 135 189 23 32 162 200 196 80 95 115 165 88 76 157 85 10 98 42 96 122 174 102 35 69 106 2 78 162 67 125 88 148 5 72 126 4 67 100 122
186 50 104 197 85 149 6 144 95 114 10 50 58 193 132 122 195 151 138 47 103 151 104 139 89 122 155 25 199 1 93 61 129 87 4 90 92 67 91 188 103 200 73
74 124 71 37 21 177 119 162 124 31 171 65 168 148 106 114 198 46 18 188 24 52 199 166 172 94 144 19 166 166 164 124 88 191 84 116 2 13 141 179 199 143 192 83 161 59 20
53 138 156 53 54 49 195 158 65 63 112 114 141 143 115 13 96 64 134 149 44 95 124 11 31 56 139 127 28 199 12 85 136 110 181 59 133 176 134 58 28 185 82 195
22 151 64 114 103 12 65 168 42 150 61 194 55 162 151 28 120 52 95 1 12 15 62 30 77 48 87 16 110 121 112 115 64
4 119 52 183 98 200 177 174 40 5 29 61 88 59 121 146 119 69 58 56 80 42 132 138 160 124 162 25 136 50
193 160 142 14 83 22 178 58 100 131 13 128 41 86 2 48 101 133 172 186 125 192 157 145 78 47 19 62 157 197 7 160 18 154 47 10 31 191 185 6 195 63 98
82 24 14 100 149 186 9 26 1 36 167 190 9 8 36 121 77 15 131 106 114 101 115 156 58 117 38 42 43 140 141 11 65 197 10 39 196 55 97 151
174 147 155 117 101 20 72 56 102 99 180 23 27 6 142 164 45 11 188 132 90 119 188 69 176 100 182 61 127 95
121 171 55 175 173 185 31 47 109 125 129 134 101 12 111 144 23 195 37 124 151 107 48 52 63 10 188 129 79 74 171 127 186 99 120 104
196 42 102 13 94 147 108 43 189 144 7 100 101 54 75 17 42 185 95 66 72 191 121 174 178 171 35 2 143 189 129 109 151 161 124 147 178 90 192 55 94 69 134 40
18 147 83 183 30 124 199 104 69 190 178 150 104 197 199 40 104 186 74 121 72
13 133 114 2 183 100 158 171 51 18 58 110 46 147 118 197 159 109 84 141 106 32 30 185 150 145 128 145 162 25 32 155 177
59 154 105 64 66 156 74 136 124 178 79 108 68 178 3 39 136 38 59 183 185 41 157 103 10 157 40 177 76 107 153 168 65 5 114 23 34 178 30 99 81 112 18
46 154 99 197 14 32 30 115 76 160 121 61 41 199 151 50 4 121 37 54 160 104 74 35 77 34 1 148 118 20 62 171 24 95 52 101 37 184 183 23 38 138 26 7 65 32 102 17 19 59
145 167 6 132 105 114 14 141 89 24 196 154 134 179 19 124 41 197 71 14 152 2 5 34 89 198 107 185
110 74 153 178 78 24 98 61 110 7 92 180 69 12 94 27 142 195 8 152 152 109 123 72 19 86 185 49 180 72 127 168 88 90 167 123 95 57 19
158 62 189 184 142 71 135 181 169 28 121 193 145 64 81 99 197 8 127 26 188 109 181 50 139 68 73 148 79 182 98 156 143
50 152 141 159 5 153 162 134 125 156 112 23 165 148 9 78 199 191 198 183 26 165 194 134 61 28 30 162 83 48 14 9 42 146 42 86 131 69 23
63 173 115 34 122 54 193 92 90 40 77 59 14 18 51 122 66 65 120 151 149 62 12 159 31 37 145 176 125 95 22 166 141 129 130 117 38 7
144 25 58 15 174 157 1 195 164 82 150 119 156 156 86 198 117 33 150 75 105 167 200 192 7 107 154 181 124 2 199 136 99 64 27 15 185 84 41 172 136
132 119 133 11 136 44 83 183 157 22 144 14 157 194 37 117 65 121 144 195 83 57 76 147 151 122 88 10 131
64 172 124 41 20 101 119 30 76 30 42 75 89 157 4 97 105 138 152 120 19 66 42 147 106 166
198 188 22 148 77 162 197 18 38 101 30 86 41 84 3 152 35 69 91 69 120 86 181 186 184
69 83 14 47 17 23 36 92 27 95 50 11 162 180 70 87 33 111 126 37 78 47 125 89 199 58 181 14 14 165
182 46 77 157 37 80 65 136 113 74 57 175 80 56 25 153 4 124 90 130 126 198 112 117 107 10 113 83 159 166 91 123 84 124
93 160 8 178 44 45 13 129 39 32 75 198 119 185 61 195 90 68 153 108 55 52 35 77 4 137 96 158 117 17 22 20 60 155 131 75 167 66 67 167 70 52 197 115 44 118
198 167 174 23 131 113 133 112 198 101 85 37 166 32 116 119 69 137 196 47 24 190 6 104 166 189 88 184 144 158 153 178 124 21 96 91 116 79 23 190 56 76 34 2 120 7 22 67 4
111 91 68 59 53 124 67 58 74 40 78 17 145 137 129 60 87 162 108 156 178 120 56 174 156 46 181 35 178 29 94 72 61 174 192 10 170 98 121 127 191 130 135 149 180
62 129 198 24 81 62 18 164 132 121 141 40 115 13 89 167 81 10 67 71 189 28 64 68 38 66
131 75 10 117 127 113 58 5 158 122 39 79 191 53 69 164 24 82 52 148 193 195 198 136 53 19 86 73 41 189 141 66 60 95 185 36 2 157 93 199 182 144 155 198 36 119 193 133 179 48
127 158 182 171 112 86 116 161 9 49 138 104 190 88 190 175 160 140 109 55 17 182 40 42 126 149 134 167 185 43 97 123 93 195 164 3 167 138 66 7 180 55 7 82 24
134 160 20 52 23 31 152 150 74 198 125 158 20 16 98 108 166 74 67 133 122 156 82 21 38 182 100 71 169 65 44 41
76 154 156 141 82 195 25 25 135 52 156 141 147 149 74 192 93 134 138 7 89 8 18 180 28 196 117 35 145 81 46 105 93
130 176 95 161 74 52 170 128 93 121 51 22 3 196 198 134 178 121 180 141 198 126 158 84 177 29 104 8 39 47 113 101 76 120 87 172 56 78 145 27 86 35 168 126 19 199
92 74 185 81 160 142 29 182 109 70 24 111 29 45 29 36 123 130 32 183 70 95 5 185 63 133 185 67 175 188 73 140 126 113 88 80 68 80 54 174 134 12 179 41 13 147
95 79 165 6 81 61 24 176 60 69 7 107 81 102 48 148 113 14 128 21 29 50 172 30 124 1 118 16 13 98 116 139 5 139 16 112 61 51 54 37 159 40
101 50 95 147 5 5 87 155 8 130 109 167 5 47 192 155 200 19 92 54 159 18 25 153 12 139 125 41 111 101 152 81 62 9 126 111
121 142 81 7 23 35 65 50 162 150 20 119 24 110 113 75 74 112 161 174 84 140 19 119
43 90 182 184 64 111 175 151 198 75 89 67 184 86 125 91 76 153 71 86 46 127 10 192 101 105 104 44 8 53 149 8 191 143 35 97 140 196 32 34
16 188 128 183 112 40 22 46 116 141 52 200 107 12 11 41 160 196 198 47 122 197 93 48 60 170 83 164 82 154 31 88 81 119 74 75 138 125 128 72 103 199 96 112 179 85 166
21 157 55 132 11 75 141 156 42 190 136 157 122 113 179 73 100 164 171 158 65 49 129 1 25 106 106 23 142 112 19 177 49 148
164 135 97 138 26 157 42 108 70 23 144 159 27 177 143 58 2 78 190 110 169 24 86 178 147 166 2 172 181 185 64 172 8 105 41 83 72 193 124 145 43 47 116 42
36 177 115 139 19 75 149 72 100 135 38 179 95 133 155 123 40 81 153 155 192 166 116 147 118 138 144
43 28 124 29 190 124 179 157 61 144 28 47 98 10 87 94 20 26 31 55 136 69 89 101 165 60 5 200 111 118 156 107 161 39 72 76 166 4 55 8 44
49 176 15 11 3 139 132 3 52 155 193 143 198 159 186 64 57 195 106 29 80 34 78 47 170 105 6 156 41 78 56 38 129
31 115 27 64 70 69 108 77 141 61 115 92 87 49 66 176 197 198 87 131
192 78 4 28 124 135 182 87 100 43 17 123 19 190 87 96 62 194 9 52 138 2 91 8 93 189 179 86 42 19 190 184 40 108 49 134 109 161 18 89 176 168 24 72 164 124
168 109 137 113 164 32 97 107 56 62 39 186 62 96 148 73 165 176 172 90 74 135 193 105 181 78 32
166 42 135 119 158 82 124 122 44 49 154 63 76 174 2 137 156 160 104 156 89 96 143
166 160 124 138 40 63 47 154 186 50 192 192 79 139 118 50 136 42 64 77 84 76 195 171 124 46 196 174 134
176 46 10 145 85 4 178 16 118 173 21 30 158 122 31 65 126 150 17 169 17 156 126 18 68 88 43 18 195 49 20 31 161 80 150 94 137 127 99 17 68 15 128 120 135
162 143 62 200 171 170 75 105 82 145 79 56 129 114 88 18 43 138 91 87 126 44 29 144 26 138 193 56 27 91 162 18 7 165 52 180 78 28 145 113 154 72 99 134 140 93 176 92
125 44 24 97 68 170 138 183 43 72 78 15 78 109 184 51 21 25 199 77 185 117 185 189 36 91 32 18 173 30 86 174 65 11 140 91 43 31 192 176 84 51 47 78 143 131 36
109 88 93 123 77 158 25 43 71 42 63 49 6 21 164 160 15 48 70 103 36 169 129 83 147 103 55 38 103 14 94 101 142 96 196 79 173 14 111 158 157 136 131
104 93 50 69 156 136 148 124 64 114 88 60 180 46 61 154 120 145 84 139 179 175 78 63 15 142 28 156 66 86 76 172 65 106 182
78 26 94 115 186 194 45 12 190 179 64 160 31 41 55 122 85 192 119 2 59 84 171 99 142 171 70 165 94 29 15 177 57 162 131
144 33 30 117 68 154 78 102 114 24 19 103 116 195 175 169 17 111 188 83 9 155 62 186 153 16 190 184 99
110 170 64 96 66 3 198 150 1 5 100 62 68 135 169 181 186 120 63 180 59 112 145 161 7 185 194 72 86 164 170 5 168 168
26 31 191 139 121 36 183 101 190 68 157 87 67 146 143 139 65 152 138 80 67 63 129 158 135 189 161 128 139 53 197 188 181 139 102
67 154 131 159 43 197 151 63 7 64 86 79 62 109 4 134 124 194 152 42 136 16 88 136 199 92 185 135 72 155 31 86 24 183 29 92 45 162 144 167 113 72 169 100
66 62 39 95 64 41 101 89 70 49 126 176 92 140 135 156 165 88 53 60 45 35
182 2 75 185 160 98 116 96 133 44 117 164 173 135 159 111 136 148 95 140 99 196 173 106 150 11
179 135 102 29 150 106 123 93 142 123 176 78 68 51 166 44 130 111 170 197 50 43 79 101 138 71 172 42 23 117 73 128 149
177 70 28 127 71 49 159 64 7 174 162 91 37 141 5 175 120 199 44 131 75 164 39 172 37 198 15 3 147 178 50 165 157 17 192 103 71
29 58 109 85 141 75 33 1 40 153 125 69 20 180 118 18 113 196 55 112
79 10 170 87 117 31 140 95 65 74 28 57 104 54 70 16 108 41 133 138 38 81 100 16 115 145 12 42 108 139 46 108 71 149 27 111
99 135 180 124 91 171 170 137 148 109 17 74 139 81 166 132 49 78 34 170 197 116 65 107 192 195 159 27 139 104 199 104
161 30 45 75 189 100 199 49 68 184 17 175 56 88 196 57 85 51 121 132 171 78 153 129 39 51 183 1 179 196 80 56 155 42 15 124 37 133 125 109 178 80 144 103 22 157
140 73 136 71 181 79 78 62 152 150 23 6 69 123 167 148 119 21 23 33 59 22 52 168 2 125 26 60 200 112 61 146 170 171 13 37 93
189 73 178 145 148 160 167 3 89 165 112 110 43 123 120 122 50 151 33 154 193 161 76 189 21 195 193 63 129 48 107 122 31 77 50 151 72 90 171
143 32 39 92 16 165 95 170 5 8 37 113 69 2 78 72 188 144 69 134 19 194 137 136 198 2 13 123
199 60 84 103 15 2 63 185 158 16 185 120 38 104 52 171 159 24 184 44 159 105 114 3 169 177 42 98 74 159 48 70 138 117 94 28 173 93 55 91 46 180 103 135 59 58
122 93 117 191 92 96 174 126 94 10 100 19 3 24 109 17 77 66 42 193 142 112 41 90 159 15 33 90 190 144 92 189 182 75 44
91 1 151 156 20 32 129 116 40 111 105 177 28 114 121 200 130 15 79 189 189 189 176 30 64 162 124 157 39 160 90 46
101 30 160 77 40 40 49 66 155 8 121 156 164 19 98 118 7 10 97 143 3 78 176 73 181 184 17 29 157 76
18 143 166 140 140 76 90 4 69 40 38 124 125 77 25 27 2 86 90 23 143 171 192 88 146 101 161 158 171 63 79 86 100 57
101 96 94 81 128 52 57 108 47 186 105 162 81 101 100 33 143 169 101 111 62 98 38 119 180 40 52 21 142 127 152 94 46 26 128 152 168 183 76 34 152 145 95 97 34 116
161 174 161 142 36 92 196 76 183 65 2 86 39 123 153 151 58 101 101 59 103 66 62 55 168 59 140 67 120 14 107 33 18 179 58 29 167 52 15 148 59 85 23 111 135
189 44 35 106 69 82 126 200 33 182 8 68 94 154 97 171 40 110 134 56 2 67 156 137 144 172 77 104 80 46 63 140 175
196 113 41 19 158 45 109 117 129 89 106 125 106 64 58 101 124 151 149 136 7 74 101 191 84 64 14 135 153 142 139 28 51 96 193 81 139 57
161 110 5 132 14 147 39 14 67 98 34 75 153 76 119 76 157 47 142 188 151 172 61 28 162 199 96 112 69 63 3 25 69 39 26 90 182 179 7 192 50 9 92 120
45 70 59 83 118 14 58 15 1 107 133 69 85 121 113 118 156 194 133 99 112 5 46 149 189 16 21 196 121 146 87 126 176 139 22 45 144 96 117 20 25 101 28 157 60 135 76
27 20 154 46 126 113 139 41 53 190 8 43 54 103 119 59 184 155 180 11 160 165 3 24 112 15 114 36 83 135 171 20 109 57 32 27 12 71 156 172 72 150 161 61 105 89 77 88 22
162 88 84 176 173 75 38 58 124 143 33 44 69 138 20 169 165 79 96 158 170 75 149 79 20 61 168 30
112 127 114 38 55 160 185 60 180 5 13 158 170 115 128 138 59 139 62 141 186 80 185 44 35 7 104 172 157 77 97 170 37 37 52 136 58 179 137 166 152 5 18
52 105 42 50 61 56 13 109 109 66 146 147 146 180 46 49 179 40 72 123 97 99 142 172 145 88 122 26 27 137 165 138 120 51 41 156 189 143 60 197 22 107 98
179 84 38 189 85 34 84 22 55 40 67 119 137 124 55 105 188 73 101 6 66 117 15 173 87 48 100 182 15 3 79 4 193 78 32
164 196 137 184 135 12 169 120 135 122 155 190 106 145 134 149 87 28 126 82 148 193 108 88 134 142 75 102 183
39 23 126 34 31 56 37 199 165 119 162 179 49 19 183 100 13 141 9 7 179
14 31 36 84 197 19 44 135 84 9 8 132 59 42 53 93 46 102 60 123
140 6 20 113 79 196 173 24 141 113 42 73 40 109 109 190 199 80 12 118 126 25 22 23 77 111 130 25 124 33 63 113 121 82 21 85 193 150 52 162
62 83 112 16 11 43 47 99 192 68 180 158 152 110 108 79 104 135 115 47 35 87 73 28 2 134 157 12 22 112 112 23 138 52 114 131 169 77 1 48 95 5 112 85 54 179 103 84
196 128 99 102 9 89 54 9 21 16 101 2 130 17 77 167 165 22 95 70 160 12 161 134 160 181 105
22 31 133 35 98 19 20 172 193 83 27 97 98 55 112 142 181 122 155 18 197 13 160 59 184
51 22 157 80 126 67 10 97 115 139 41 71 162 11 180 148 51 70 62 156 180 142 30 181 30 31 155 96 178
22 70 181 14 169 151 125 145 101 93 99 17 23 42 142 117 199 124 198 166 175 200 149
71 156 124 144 26 26 177 7 66 138 41 74 124 167 141 35 158 54 77 55 79 128 102 64 25 73 192
167 173 55 179 140 39 196 56 72 186 45 11 160 186 156 13 185 85 129 197 145 13 134 78 115 46
47 53 143 139 40 50 136 125 2 10 19 148 117 81 178 7 74 41 72 25 197 183 164 125 107 192 85 74 20
180 184 70 97 42 52 55 52 56 195 14 182 118 40 191 173 153 29 52 22
149 91 64 128 181 139 179 46 166 59 51 37 26 140 52 29 134 31 66 150 81 2 138 94 12 109 36
147 51 13 155 165 102 71 151 98 106 90 195 116 169 3 189 4 18 145 100 36 49 200 109 31 165 15 122 159 49 179 1 178 150 155 136 49 132 168 7 164 4 10 91 144 54
87 89 48 13 48 182 31 31 138 49 111 40 75 115 66 192 10 118 124 166 194 71 44 24 134 24 89 51 45 28 164 87 15
7 111 199 101 77 104 83 65 162 161 143 129 157 65 185 102 74 52 35 106 174 161 129 72 115 133 128 24 139 28
81 160 134 144 7 136 125 1 125 180 73 146 83 8 189 32 131 58 5 148 193 192 145 129 124 5 122
48 42 124 126 175 115 139 87 135 126 125 52 199 84 43 95 124 195 57 24 105 153 147 45 87 7 167 199 48 100 94 34 1 61 107
22 130 167 42 116 41 149 22 148 165 28 108 190 35 94 88 59 129 110 185 25 78 143 86 41 109 6 101 16 167
71 173 44 8 95 10 124 13 48 103 180 200 119 156 86 8 65 71 33 64 20 116 156 144 49 9 28 14 83 10 77 7 150 105 181 45 7 129 65 81 195 133 96 33 75 138 28 33
97 131 11 2 135 43 125 115 84 61 93 94 87 57 139 165 148 119 113 88 91 152 103 188 56 105 23 2 141 42 160 113 35 176 18 23 11 116 56 118 130 2 48 53 4 104
25 38 141 97 138 25 8 28 116 192 15 176 24 17 154 123 122 6 131 21 174 124 151 165 133 162 188 12 13 137 20 22 11 160 78 103 136 102 72 164 128 130 142 181 95 93 151 4
126 192 177 12 9 152 19 11 43 66 11 194 104 67 149 87 28 128 189 104 103 171 3 169 172 194 112 10 180 146 80 58 106 56 43 83 188 181 183
172 126 49 106 33 5 115 84 81 79 101 196 45 97 38 116 157 113 7 199 148 192 102 124 159 33 13 76 82 119 190 44 9 29
102 78 127 193 51 57 70 183 132 103 82 160 15 47 121 58 121 14 30 2 102 119 58 51 103
110 75 65 167 166 103 9 192 43 16 190 32 62 159 88 35 101 183 25 139 156 103 181 40 1 90 188 42 99 86 89 165 86 80 111 116 165 155 62 89 170 63 195 49 45 17 97 3 157
167 127 128 21 132 53 48 97 32 105 12 186 110 162 190 48 58 89 49 72 93 130 7 40 41 85 102 193 116 70 107 118 25 185 159 93 78 25 50 152 14 177 131 138 132
73 115 188 191 80 76 159 47 124 72 132 189 93 196 178 49 76 172 158 198 173 20 7 98 149 135 28 188 27 58 109 172 61 92 58 90 135 196 90 48 14 37 113 9
137 105 186 15 139 101 72 101 65 150 46 156 94 159 132 132 171 116 158 188 109 170 83 183 19 189 45 105 182 8 53 195 28 159 124 80 4
35 156 177 170 8 158 167 127 34 158 116 26 27 30 12 168 75 74 56 56
24 171 144 179 154 117 52 58 65 140 192 96 109 80 172 131 192 175 76 61 64 99 101 106 16 118 44 155 147 74
82 69 19 54 101 30 72 193 67 184 165 199 19 38 69 162 99 132 116 132 22 1
21 191 1 21 57 64 178 70 118 63 68 103 14 199 81 135 180 174 63 40 144 77 51 91 108 49 91
59 180 8 193 153 172 23 99 16 4 54 8 113 27 83 39 5 94 18 73 91 169 148 165 17
1 72 61 57 78 119 121 79 20 61 39 53 94 157 152 198 79 157 92 114 15 124 151 14 143 58 143 81 94 184 52 15 3 14
151 142 2 161 54 91 160 132 128 67 185 49 86 133 118 131 83 38 178 22 29 63 45 102
47 63 170 11 2 192 180 62 26 1 155 105 77 92 13 93 79 147 3 21 95 8 78 52 54 151 134 122 91 22 139 75 170 33 124 115 124 191 78 41 178 31
177 74 61 50 115 28 83 46 136 197 106 9 115 153 96 68 8 147 126 61 185 99 128 199 76 55 147 188 125 176 59 6 8 149 11 93
34 10 120 103 64 92 27 37 5 200 160 40 176 115 56 86 101 89 175 192 22 90 5 91 86 33 175 107 128 128 63 184 93 196 185 104 61 2 172 182 67 77 114
35 144 18 166 185 45 131 171 152 80 11 53 11 178 45 71 137 185 7 82 8 117 107 147 54 117 41 44 198 10 91 28 95 100 154 31 48 37 65 47 28 33 15 78 131
86 152 9 35 93 63 165 51 14 101 156 137 13 50 149 31 85 21 24 92 47 175 157 123 26 53 67 177 148 190 191 24 78 103 115
123 28 168 79 190 7 172 162 177 123 17 56 94 132 102 104 126 81 115 75 85 83 156 70 180 193 13 101 43 31 43 122 157 9 167 185 7 22 27 10 180 88 54 122 145 153
186 111 173 150 7 128 15 195 188 48 143 158 31 121 46 130 160 8 116 33 131 27 131 156 179 55 118 153 128 3 107 58 99 70 68 30 195 69 99 192
4 4 6 92 178 156 130 5 139 21 148 93 159 9 150 85 11 34 81 27 82 148 14 70 36 200 148 151 121 88 178 175 158 135 174 61 28
43 156 37 99 43 73 136 85 7 88 130 169 33 190 40 66 115 3 126 90 120 78 33 135 116 168 143
136 149 10 22 19 47 49 114 181 82 23 152 185 161 1 144 192 96 140 7 191 76
159 147 41 165 177 101 48 10 76 49 186 141 145 169 12 40 84 197 61 105 91 86 110 176 144 131 146 96 175 88 2 65 66 8 66 18 81 183 107 159 63 156 160 117 72 141 130 167 173
200 156 193 165 101 9 59 9 10 82 182 145 160 73 47 116 57 199 17 52 128 83 146 115 34 130 53 7 183 48 5 155 34 89 150 45 86 20 200 107 180 92 4 71 200 108
52 37 14 41 112 24 116 176 77 11 149 124 101 9 53 37 99 83 168 191 57 5 95 5 19 118 54 82 76 178 116 198 56 68 114 124
110 45 142 92 172 165 99 4 185 22 13 199 170 69 21 81 161 45 155 181 192 99 176 197 115 20 164 118 174 9 89 10 150 190
17 63 89 25 27 161 33 87 106 101 157 143 189 26 100 155 78 77 79 24 23 173 70 105 198 145
148 89 196 129 70 169 60 86 182 94 134 94 61 165 142 122 143 55 72 97 94 55 136 102 164 100 56 78 145 168 57 87 140 142 49 104 12 43 1
128 98 158 26 168 100 108 3 128 55 172 138 7 140 118 107 101 11 164 53 57 158 10 99 97 11 154 121 138 166 74 182 130 36 120 168 69 153 126 21 102 166 109 130
122 195 95 174 176 20 112 193 28 160 136 185 63 56 155 77 12 112 188 140 156 101 49 36 120 70 138 60 188 44 124 165 40 74
193 195 182 67 81 62 93 55 56 71 73 118 180 136 32 37 188 167 183 137 35 46 198 17 141 124 102 153 164 5 124 196 54 60 156
120 73 148 67 199 25 176 124 181 172 35 36 92 105 80 123 79 145 133 19 114 12
84 197 40 136 65 141 25 49 69 172 176 120 72 26 170 127 76 50 137 75 177 158 141 146 6 174 60 56 72 160 142 9 31 116 190 59 43 179 51
160 11 193 150 171 193 15 53 64 56 158 129 113 105 57 136 197 13 96 68 88 177 91 74 55 180
17 152 13 7 180 89 41 32 200 135 157 62 159 5 55 189 164 79 68 164 31 68 10 9 69 171 181 133 135 42 81 94 33 104 183 4 53 108 193 42 124 27 162 61 44 2 199 65 43 172
98 7 64 165 79 172 46 173 78 152 61 149 116 83 41 7 182 119 43 19 147 131 188 189 127 85 194 180 105 1 154 30 173 77
192 78 7 111 92 119 191 160 124 159 182 123 28 141 63 1 27 168 94 182 191 131 66
90 118 125 24 53 117 165 157 162 88 12 147 174 95 84 151 138 89 40 93 55 194 183 128 72 16 21 139 195 123 50 139 106 113 84 146 127 147 116 76 70 199 10 185
6 159 57 200 185 33 191 196 49 117 69 39 145 80 135 151 118 22 95 81 141 171 51
95 41 121 192 116 85 188 8 151 120 138 77 110 85 95 154 11 79 137 14 51 143 84 12 41 152 2 61 107 107 51 89 11 172 190 132 70 12 197 85 12 180 197
84 39 157 161 63 60 43 148 112 17 139 198 170 188 103 12 4 125 92 177 77 50 94 45 35 85 134 18 29 78 90 103 199
166 95 200 67 130 148 14 182 86 37 116 169 85 177 149 6 69 96 40 98 147 94 199 27 12 92 173 43 23 138 197 108 99 124 159 142 87 54 131 9 27 104 164 68
39 77 181 43 8 84 183 96 149 158 176 39 87 62 36 155 24 63 11 199
156 52 164 100 104 45 3 26 89 128 150 150 169 54 64 107 132 183 11 37 14 157 129 39 86 45 112 167 117 85 154 2 17 45 80 24 170 72 14 53 26 157 16
141 17 180 23 113 23 17 182 95 58 108 64 111 148 116 13 22 157 145 34 75
172 104 134 126 86 56 162 70 96 166 9 83 58 195 81 173 123 195 82 107 108
186 113 197 112 136 135 62 110 9 21 8 38 48 47 186 44 174 57 143 182 166 7 7 47 40 175 15 108 22 5 109 107 141 95 36 29 100 150 20 135 191
36 100 145 50 25 154 26 89 58 93 83 147 154 39 130 158 123 76 79 133 7 192 171 29 72 34 136 94 77 35 128 117 55
125 2 192 77 10 28 176 171 66 95 112 154 40 42 1 6 54 143 174 100 180 122 69 167 158 196 189 126 151 22
52 17 63 161 79 13 104 194 16 168 94 133 95 100 60 98 200 52 15 195 72 28 190 95 121 159 124 154 105 77 83 170 4 185 119 129 181 130 75 23 137 31 179 3 130 179
110 4 108 47 92 186 72 12 47 152 30 62 55 96 8 73 122 141 37 84 86 55 181 21 146 45 46 76 87 16 91 159 13 130 119 198 138 179 94 4 162 148 95 185 87 179 100 35
39 30 53 176 82 136 185 64 86 116 170 111 4 101 78 27 141 89 196 124 3 89 11 4 94 18 87 140 39 77 151 102 143 83 86 106 148 193 161 70 123
67 35 80 173 158 132 36 126 165 140 190 89 125 49 18 5 110 177 130 83 143 164 112 35 122 161 35 183 115 176 27 144 141 107 197 95 180 7 20 8 16 183
156 24 49 191 106 91 115 167 116 134 20 79 147 165 127 25 98 72 116 108 31 43 133 97 123 119 152 15 113 160 60 73 171
29 41 121 133 196 132 44 120 151 130 71 47 196 181 160 2 127 29 145 164 188 115 36 94 101 57 102
75 81 120 154 182 143 45 73 20 33 84 32 42 25 58 198 16 57 15 151 59 74 68 186 6 105 73 13 199 52 124 1 48 154 185 54 181
35 41 116 120 154 140 75 106 193 199 128 79 51 181 7 111 179 41 12 70 162 127 178 179 135 199 1 181 65 30 4 121 159 62 186 83 124 183 174 100 70 182 34 71 80 37 191 154
7 146 127 29 21 73 64 114 158 70 156 186 180 9 97 178 183 17 200 170 124 30 135 165 189 196 22 97 128 162 185 2 181 132 196 193 7 50 48 119 133 120 67 58
7 45 82 34 112 20 70 156 178 137 54 153 52 83 112 183 64 2 24 42 46 161 100 174 95 77 102 122 102 121 19 155 51 144 101 113 115 19 138 196 184 200 116 57 7 25 125 173 196 195
158 27 83 25 181 199 154 96 72 136 123 136 71 91 5 104 3 92 153 184 170 14
133 137 107 73 167 60 6 178 69 179 119 40 157 124 118 104 6 130 117 58 149 192 192 51 164 67 160 142
3 102 94 14 140 71 99 33 102 165 162 116 137 189 6 169 30 125 19 15 184 118 116 149 195 164 25 39 45 93 172 124 126 137 162 143 189 140 18 97 86 131 73 7 121 57 51 67 122 181
185 51 150 11 173 168 51 73 55 60 144 155 106 164 13 136 4 142 58 38 34 183 68 104 49 124 89 84 178 188 16 200 156 147 186 84 97 156 70 151 7 19 189 16
174 25 186 170 82 7 167 8 137 78 113 198 127 109 170 124 165 118 23 3 194 101 4 130 154 110 151 81 87 81 127 139 22 73 62 162
145 112 171 62 54 83 19 127 165 86 180 197 69 174 157 146 118 101 51 6 41 60 41 24 14 1 102 142 51 184
128 5 34 191 191 158 93 63 177 100 75 117 10 5 51 118 74 197 24 93 45 73 85 158 144 16 141 68 155 141 124 26
120 50 83 166 29 25 199 8 47 200 77 9 162 95 27 76 34 178 142 80 167
24 180 114 101 154 65 161 176 192 49 47 158 194 30 20 125 150 98 21 35 54 52 22 184 16 116 162 128 168 15 6 119 176 117 36 130 171 143
111 195 90 74 148 62 22 77 109 9 116 95 77 170 41 73 172 189 1 40 90 89 21 157 197 53 39 167 66 57 5 34 59 12 123 64 137 53 20 67 59 30 44 135 117
65 25 177 55 55 168 138 143 59 53 119 17 67 166 111 150 13 55 102 47 168 35 154 133 176 141 42 65 118 61 101 18 71 63 136 103 8 170 101 101 138 58 117 129 127 57
109 13 164 147 94 183 199 72 53 155 199 183 179 27 141 31 147 100 79 154 199 63 45 148 37 143 150 166 97 50 161 55 48 167 61 58 116 1 85 82 177
155 191 71 14 127 198 99 33 82 40 47 109 189 17 111 173 165 155 169 165 198 67 38 3 93 44 116 191 21 57 13 60 72 171 14 147 178 191 112 30 59 144 117 28
167 193 142 119 154 70 74 14 193 42 146 63 134 181 126 133 60 21 116 80 84 14 55 98 175 129 197 25 37 3 124 1 63
153 145 166 49 18 79 20 54 60 176 95 100 102 154 65 79 172 53 200 152 16 41 173 8 84 200 162 174 175 92
34 84 68 23 9 60 21 88 75 138 144 18 115 173 115 96 130 20 178 48 176 44 84 123 198
3 3 198 70 38 168 38 198 128 76 90 64 105 68 134 30 141 61 8 69 185 176 195 141 178 59 18 63 104 27 200 138 175 182 52 134 110
72 108 172 141 97 144 52 127 123 25 90 17 200 125 193 194 18 90 17 106 44 10 112 80 66 146 103 68 47 42 141 182 63 98 162 168 100 59 130 68 71 9 155 193 159 68 42 117
3 110 109 137 52 133 117 159 127 135 101 91 165 24 121 16 124 9 4 128 181 43 101 107 117 16 198 195 89 67 84 34
120 109 26 28 22 138 97 139 84 184 174 197 147 114 70 178 153 126 99 16 21 80 38 20 127 121
109 31 3 83 12 19 6 50 156 74 132 128 193 192 126 91 175 174 141 93
150 115 98 195 161 107 66 135 165 67 191 192 27 28 124 101 200 27 87 2 27 71 158 129 58 1 33 24 109 120 5 69 43 110 199
54 143 19 4 31 62 79 126 122 50 83 92 62 128 23 197 178 200 167 191 10 171 94 198 129 46 41 154 135 164 30 83 12
25 127 147 96 141 35 17 108 77 116 125 35 182 34 195 191 67 40 123 120 62 16 179 182 42 192 139 74 49 197 193 140 93 60 57 136 129 145 199 150 121
101 122 25 39 167 8 193 179 13 20 8 68 172 102 67 28 87 198 183 113 5 68 186 194 103 101 40 86 151 51 170 5 147 63 79 34 120 110 129
50 175 180 173 97 85 97 111 32 83 89 100 46 153 38 35 114 151 143 124 40 124 71 69 174 120 145 51 170 93 86 172 110 24 123 93 168 191 19 60
65 181 138 120 182 195 19 35 103 128 150 59 139 72 97 143 38 40 65 190 57 110 6 68 9 198 111 82 123 30 54 138 151 92 148 2 56
173 119 160 131 136 112 24 192 177 125 112 19 141 116 7 50 56 185 186 141 197 170 186 114 7 103 115 76 150 129 5 182 66 118 27 38 156 45 104 80 129 113 121 81 57
106 131 144 15 179 124 7 100 101 88 44 142 67 129 180 157 13 100 128 22 10 6 45 108
19 10 8 9 122 127 22 186 125 98 112 111 156 146 136 142 160 46 170 52 49
96 152 25 189 84 30 119 129 79 136 186 35 82 27 88 126 191 69 118 112 102 101 66 199 88 2 123 45 173 96 142 33
130 80 40 170 160 13 105 104 124 199 50 100 49 123 36 195 90 175 19 14 71 179 142 55 98 91 71 32 19 169 112 61 176 20 153 118 140 153 182 78 73 39
171 133 49 83 87 113 90 47 58 173 43 144 109 165 137 8 76 124 182 184 156 136 23 80 89 157 86 165 72 101 55 18 112 14 184 19 17 194 40 48 74 24 24 63 42 101 119 150 143 165
1 196 78 58 195 190 73 39 98 83 1 17 125 181 116 26 41 138 76 101 138 77 176 129 140 132 13 89 188 56 42 97 36 107 89 166 46 80 186 41 140 95 52 43 186 131 86 95 53 180
130 82 5 169 186 95 24 38 29 77 118 42 157 169 104 10 6 16 126 158 45 57 149 138 50 44 194 136 105 107 79 147 122 33 54
149 119 76 127 147 168 179 94 194 96 75 60 57 134 84 89 161 91 78 119 98 78 109 97 149 34
76 126 151 126 104 169 140 15 178 88 78 101 8 172 84 196 48 139 149 90 86 8 14 188 153 170 49 172 125 138 191 112 162 20 135 46 167 177
120 153 124 9 73 87 5 63 22 140 195 165 200 67 100 113 61 132 117 103 88 70 77 102 122 191 141 157 51 175 2
160 71 175 193 34 57 148 101 176 112 91 67 125 2 16 42 60 1 49 21 23 150 183 12 97 49 3 180 139 62 145 182 50 118 94 192 99 102 193 47 99 141 164 36 90 129 82 92 170 9
5 181 171 14 179 85 102 166 112 55 200 167 96 196 99 19 18 148 38 165 91 128 182 128 104 116 179 190 105 20 5 49 91
100 65 188 143 140 192 63 105 39 15 58 81 20 85 10 197 78 15 72 40 69 36 157 80 166 116 157 76 91 60 72 176 13 111 93 21 81 174 122 16 11 93 31 113 191 134 103
56 113 82 75 126 10 4 90 35 110 41 102 161 48 32 176 161 30 120 139 173 46 103 132 176 50 165 158 179 95 67 183 175 184 63 200 155 149
189 102 87 67 5 192 181 45 119 159 64 118 113 189 120 72 53 192 117 8 36 200 30 39 23 15 160 44 186 169 25 53 25 142 32 91 186 166 41 20
84 150 70 177 112 139 130 91 125 11 38 103 23 8 67 16 153 123 43 120 183 69 35 32 45 26 185
144 82 127 170 29 196 13 12 33 103 143 47 35 195 76 97 62 89 137 43 51 56 77 149
10 43 145 65 61 69 29 128 172 32 182 94 121 191 58 108 152 132 192 3
120 16 175 108 41 50 64 43 133 50 61 45 148 11 29 198 181 100 31 11 75 15 67 61 65 62 114 112 137 142 112 105 147 164 25 165 15 2 34 145 103 177 194 194 142 75 48
110 194 91 13 130 141 153 144 167 39 89 45 148 33 35 189 167 101 138 171 117 85 41 101 162 93 96 41 141 188 24 82 71 10 49 177 103 64
155 181 68 15 129 120 61 70 20 59 69 177 138 119 133 165 192 96 125 145 18 193 149
23 164 101 181 194 76 42 42 190 10 89 131 90 154 181 116 168 87 60 53 149 87 197 112 178 91 41 80 106 73 153 60 93 88 61 153 73 156 45 191
167 193 139 11 190 95 81 128 111 115 184 72 36 10 12 31 57 31 6 157 30 116 85 194 147 114 194 101 60 76 154 89 104 27 132 26
101 145 200 40 128 152 33 13 199 9 22 179 128 72 127 165 7 140 152 44 139 165 186 91 130 28 28 46 87 23 165 138 172 4 192 95 122 127 77 115 153 23 140 137 41 200 147 129 65
67 99 4 184 147 124 93 105 188 179 115 87 25 83 128 66 78 191 146 168 192 143
152 2 102 78 184 56 139 171 38 75 129 65 157 24 124 6 178 80 117 196 25 113 105 147 107 153 105 155 153 134 47 190 93 28 107 90 103 161 164 57 52 53 43 136 137 4
43 177 28 162 182 101 148 107 36 73 147 15 144 193 109 108 93 110 147 158 180 83 140 185 103 29 53 177 151 37 60 14 31 136 9 189 51 51 144 134 184 36 68
6 147 137 82 104 47 46 155 120 71 124 73 73 28 19 192 135 179 118 2 158 14 126 117 137 107 31 59 156 69 191 144 131
123 79 160 112 130 152 19 114 144 59 151 128 13 68 72 173 128 195 43 185 200 119 108 148 100 131 134 186 4 145 13 126
107 27 132 164 111 40 150 103 16 55 191 193 84 111 169 120 61 119 181 16 22 61 161 50 75 102 125 30 82 129 200 17 8 55 186 184 162
160 16 173 9 80 88 124 172 39 105 60 200 66 25 90 87 28 31 97 70 160 62 111 34 15 14 42 24 43 135
118 108 2 145 53 24 23 30 41 70 171 112 43 138 140 118 123 58 164 8 79 77 136 14 5 147 129 71 86 33 22 197 62 150 131
66 132 41 197 182 47 109 1 137 91 112 54 64 149 119 49 159 129 128 181 12 104 137 148 14 147 43 121 140 128 15 196 63 47 124 45 8 84 82 32 133 142 14
106 97 31 198 197 18 73 11 7 36 22 170 29 13 45 55 181 86 47 124 70 121 38 39 117 134 164 121
124 132 21 199 125 66 29 78 46 8 189 101 195 189 28 165 42 73 64 97 33 167 137 10 191 54 62 67 72 94 82 34 64 95 82 38 80 1 142
14 100 101 30 6 135 73 11 193 44 11 63 191 173 69 48 150 176 135 22 180 195 144 158 1
137 140 126 160 134 49 168 25 138 178 32 171 189 76 145 121 184 135 33 148 167 157 10 56 88 67 70 124 39 161 178 89 125 165 55 119 139
13 174 48 20 145 184 5 16 179 136 151 77 45 119 4 25 102 33 98 140 157 186 152 162 4 40 46 13 176 10 180
182 33 43 97 37 20 130 81 113 197 104 42 46 115 4 150 46 89 51 139 41 20 21 153 73 139 162 57 152 71 93 185 134 69 136 60 126 170 11 193 184 142 9 106 50 92 135 200 100
76 120 42 139 152 150 199 198 150 139 106 111 193 162 124 124 145 114 54 67 126 134 198 183
94 114 105 50 166 41 134 99 14 154 127 151 30 172 115 195 168 165 13 131 94 200 115 51 46 1 42 120 5 120 192 55 118 198 145 76 143
7 170 171 72 146 43 80 96 158 49 184 157 49 146 18 119 72 31 117 182 109 106 80 4 141 141 85 19 122 73 76 75 189 115 179 97 31 127
35 119 32 16 14 33 2 84 151 121 110 5 162 192 101 145 27 103 175 179 165 71 200 110 12 7 199 85 167 63 108 116 73 180 76 34
189 182 54 116 123 113 148 75 126 135 151 144 152 98 144 32 103 30 2 76 65 106 166 124 76 162 115 56 121 86 126 96 150 194 152 177 79 133 152 38 61 59 101 102
147 119 63 77 108 20 91 12 66 169 126 124 185 142 84 182 24 8 80 35 185 155 16 60 28 188 69 18 101 103 34 75
138 119 89 174 140 98 17 66 127 84 38 183 34 200 168 33 114 58 130 37 177 100 182 188 81 55 103 172 158 77 197 22 32 79 122 186 124 46 131 71 37 131 194 190 106 32 61 157 169 198
170 94 15 154 172 82 151 24 45 104 35 110 57 9 117 125 40 142 21 21 25 121 129 148 98 11 198 71 73 21 184 122 125
57 20 161 111 189 9 35 151 170 168 5 4 76 42 110 40 158 96 72 38 31 166 165 174 198 177 86 2 44 90 12 191
3 46 175 17 53 101 42 46 193 2 56 185 114 145 167 193 62 25 50 131 194 192 142 117 153 4 77 116
97 77 129 172 7 174 42 101 172 176 103 52 164 8 174 119 118 60 10 83 28 125 34 158 151 82 178 28 67 51 143 57
18 22 198 42 49 58 102 99 43 38 198 129 63 114 199 198 161 138 78 103 61
11 158 81 120 180 101 59 101 80 31 84 57 133 109 66 75 110 140 84 184 181 18
32 16 156 148 91 117 107 44 129 52 146 104 33 111 59 135 178 105 92 192 51 5 80 99 178 60 139 29 173 197 116 16 136 155 199 162 143 174 75 8 51 65 180 127 151 94 23 85
129 180 62 78 180 58 19 47 117 151 38 155 196 143 158 198 41 188 195 30 143 137 181 119 34 152 77 90 74 173 174 4 193 161 200 180 117 10 16 95 165 51 18 146 82 31 199 113 92 166
79 86 194 88 192 70 192 86 109 151 92 71 159 140 171 131 176 111 130 13 118 98 168
19 17 53 98 31 44 59 121 1 171 81 169 74 191 55 14 22 53 105 149 124 199 38 104 44 178 11 170 182 77 23 172 26 157 87 40 124 156 31 30 160 63 179 62 126 108 74 79
148 88 168 11 114 190 191 38 182 97 86 20 15 130 27 52 34 23 183 88 199 180
22 25 107 86 75 106 46 113 86 81 79 106 5 183 1 134 101 171 52 19 72 198
49 135 91 164 170 164 199 6 161 44 10 39 18 95 50 97 168 60 10 124 170 39 168 49 149 107 166 60 149 179 137 106 147 145 200 158 121 51 178 181 124
64 156 146 93 159 3 48 110 94 105 196 108 128 92 111 3 30 1 182 200 68 90 158 108 17 173 193 116 162 136 127 152 198 51
106 199 58 190 126 41 10 60 155 152 169 14 123 139 142 28 136 197 40 197 138 197 16 116 7 29 32 31 178 66 6 70 103 156 135 177 84 185 26 21 158 101 46 12
120 101 177 168 52 38 128 186 68 128 63 5 122 67 13 147 1 139 52 151 70 193 4 37 182 159 136 195 189
180 77 38 127 159 39 93 108 117 48 196 57 54 121 112 63 75 55 120 184
183 184 157 103 192 8 199 49 84 67 67 120 72 178 87 31 137 33 98 155 187 195 18 99 113 54 99 139 158 36 26 159
171 104 187 17 85 199 155 128 72 138 11 50 138 47 160 200 40 163 86 28 56 2 103 54 36 1
103 177 6 199 121 146 26 191 80 54 195 38 175 114 20 141 16 19 49 57 137 31 41 35 110 29 61 140 132 170 128 157 174 16 179 36 25 95 5 61
78 155 64 63 114 169 180 130 18 109 28 6 135 156 84 62 54 184 194 157 177 82 15 117 109 140 43 71
21 174 73 27 200 35 128 85 111 51 169 10 18 28 108 184 95 158 152 99 78
77 40 107 185 119 163 43 107 88 153 188 46 161 100 42 153 5 143 152 94 175 133 18 91 185 156 32 84 33 132 58 10 4 130 51 30 40
85 125 65 62 134 109 169 25 187 99 12 169 67 28 173 128 157 113 1 133 200 58 27 152 75 169 75 87 77 78 33 34 174 115 149 61 64 88 190 142
21 107 115 112 188 48 196 73 148 190 50 156 29 3 154 166 116 137 62 79 188 72
156 157 186 9 18 103 11 119 170 190 83 83 69 39 197 93 94 165 83 35 44 37 40 161 100 23 41 181 80 90 85 179 81 108 191 174 92 189 80 89 88 180 20 97 39 131 21 180 73
58 149 181 136 186 80 171 21 51 52 66 14 44 147 123 4 69 1 189 110 75 70 168 158 100 11 6 37 29 39 131 152 25 162 175 8 125 171 44 74 53 100 39
162 94 15 125 181 30 82 17 5 125 66 48 193 61 196 30 105 67 179 114 164 80 25 15 88 75 60 104 127 25 32 125 163 81
182 94 141 42 125 198 105 70 200 40 123 50 4 74 120 8 148 11 147 91 165 153 30 138 141 189 187 128 182 19 114 192 92 113 107 24 134 177 194 142
32 163 121 28 170 129 122 45 115 54 145 155 128 108 35 81 48 141 63 67 115 5 191 18 166 154 152 159 198 76
46 159 18 62 198 110 153 18 52 170 70 160 26 107 96 191 184 180 9 92 63 130 161 193 161 147 59 198 95 122 10 158
160 193 75 117 77 87 182 54 18 64 16 46 66 29 109 170 168 96 153 29 100 71 4 40 1 116 63 186 78 110 29 164 97 151 145 47 139 86 34 173 67 129 171 47 187 76 90 46
85 171 162 163 158 30 54 13 160 74 37 179 92 152 69 180 187 187 102 100 18 13 163 64
32 84 47 194 33 94 197 54 114 27 185 61 72 84 99 112 38 84 29 21 181 144
66 179 164 17 131 91 193 135 61 68 188 198 136 93 164 188 182 136 154 179 145 93 169 79 7 33 169 42 28 125 190
33 177 80 20 187 21 52 185 192 17 59 113 120 7 109 5 114 116 79 85 36
133 64 81 37 58 123 138 136 190 121 197 165 172 57 175 93 91 3 57 113 28 19 157 68
118 108 189 99 30 127 104 174 131 192 24 71 149 176 117 184 19 192 37 82 3 160 92 130 74 40 174 79 76 4 115 36
154 32 166 75 66 17 1 52 147 169 113 104 87 51 192 94 161 138 108 128 142 58 95 94 147 170 45 34 7 89 145 136 102 155 55 78 182 22 155 163 79 184 125 7 130 76 37 128 52
117 51 100 54 83 104 142 11 36 20 174 37 196 188 81 184 85 120 142 94 46 102 159 45 141 121 66 144 110 66 116 92 44 92 59 189 107 139 19
37 61 104 163 93 138 27 55 175 23 2 141 95 121 117 2 14 161 44 31 144 75 33 36 80 170 184 127 92 156 73 171 136 187 84 93 180
194 51 161 95 187 192 7 85 142 197 137 172 44 65 94 140 163 88 77 88 32 61 61 120 32 9 120 36 108 14 9 134 141 40 44 51 174 82 92 200 117 180 17 49 147 60 85 63 22 90
149 77 47 183 195 182 171 43 78 180 16 62 69 122 174 136 110 72 22 189 79 136 75 132 179
154 93 187 75 68 44 137 191 8 185 158 111 27 121 122 140 105 62 14 181 81 173 129 41 52 85 31 197 84 94 187 149 155 116 117 153 126 115 81 98 113 152 150 103 28 192
191 68 92 88 83 149 89 15 200 69 59 185 84 89 47 29 64 27 150 148 196 168 110 38 126 118 67 68 90 164 122 89 147 69 188 172 81 110 40 56 34 99 156 171 71 86 73 193
77 98 99 147 18 90 18 99 148 159 22 93 152 159 17 38 114 13 28 184 166 128 79 73 15 88 115 50 121 105 97 166 69 118 89 48 86 150 74 6 118 29
108 80 197 14 70 125 63 153 41 55 18 154 167 88 95 45 195 174 198 129 25 145 122
36 160 66 80 58 80 144 127 125 122 41 164 86 135 129 112 108 143 71 184 67 174 115 19 154 177 52 136 30 184 186 23
10 114 112 63 116 179 92 161 52 30 53 112 130 143 130 57 14 65 188 90 64 117 141 32 145 79 132 23 19 167 142 136 51 16 145 96 23 8 6 125 152 47 184 165 170 157 73 114 172 60
180 156 155 155 14 163 22 180 107 153 30 141 185 111 163 44 31 165 56 115 168 60
200 140 37 26 71 193 74 152 48 97 186 12 154 99 160 197 103 104 79 153 126 10 55 2 196 81 73 84 91 89 57 170 20
75 77 5 57 197 161 149 57 28 96 59 74 79 8 199 61 153 177 131 76 180 83 195 37 187 43 100
79 65 33 33 128 128 103 95 163 65 7 165 69 115 50 119 108 68 161 16 174 99 41 138 69 63
4 24 187 43 189 184 168 164 109 17 15 76 14 35 146 19 111 119 140 65 18
90 121 6 85 121 98 16 62 149 133 51 31 199 103 163 127 167 34 85 41 173 159 105 102 165 31 107 29 20 107 20 168 187 194 80 39 22 132 163 119 6 40 136 8 83 171 114 187 16 170
63 117 119 131 179 47 18 25 154 169 42 111 120 189 192 199 18 193 68 167 129 52
96 76 64 17 98 166 148 100 153 99 153 43 93 130 128 14 7 90 37 128 96 111 62 17 128 109 65 126
31 71 21 199 68 159 45 35 150 4 9 89 176 42 135 30 113 90 27 12 29 169 81 24 12 26 81 129 106 55 86 162 166 12 184 45 52 97 174 81 51 32 187 194 144 30 137 191 29 113
51 162 19 131 189 174 197 172 89 4 106 127 64 176 130 23 196 36 135 31 38 113 67 187 18 151 60 105 12 194 4 8 63 121 192 1 199 7 186 30 184 51 79 103 104 102 87 100 73 31
41 143 76 92 37 36 129 26 195 80 97 160 48 39 70 43 146 53 194 118
49 122 79 60 89 119 17 78 44 109 186 108 156 94 158 194 37 198 4 184 88 140 163 149 71 17 16 58 123 186 188 51 5 43 150
153 69 39 76 66 52 56 153 150 167 33 127 11 146 55 179 100 48 149 83 21 123
88 6 190 17 112 158 144 184 129 63 121 176 6 54 199 150 65 160 174 27 167 103 116 70
181 133 99 144 25 26 153 62 81 47 75 112 193 141 63 109 117 142 10 89 188 187 46 197 57 165 125 167 103 191 179 73 189 32 34 99 83 52 84 76 78 46 68 6 185 168
33 170 141 200 27 168 34 199 50 194 14 22 122 21 116 69 177 12 23 8 14 93 196 172 121 160 131 66 24 162 125 172 108 146 194 88 39 188 33 120 40 134 54 62 25 50 77
190 63 16 132 39 78 161 47 66 190 150 157 174 163 88 43 131 65 89 185 7 53 116
106 53 36 174 95 22 174 67 62 100 191 181 30 153 53 71 5 22 121 24 12 78 54 4 52 5 112 14 51 133 106 53 187 85 163 57 33 58 161 140 53 191 184 8
130 61 198 110 32 35 131 58 110 147 95 25 14 85 77 92 38 133 22 184 29 23 58 30 112 64 94 26 60 130 199 73 109 1 10 38 187 95 141 11 95 92
67 138 84 19 89 200 60 134 26 66 194 43 197 184 159 65 108 175 113 75 8 108 12 6 83 43 32 113 123 88 118 164 177 86 54 50
40 117 2 17 116 70 151 22 191 122 112 105 7 38 30 161 93 180 51 187 72 184 179 153 106 116 66 45 156 46 97
198 94 60 200 61 121 81 98 59 57 16 90 138 183 185 190 2 87 54 15 194 150 40 132 84 67 128 41 116 152 162 140 34 107 158 29 111
200 178 25 52 112 22 12 186 106 111 113 68 59 121 125 66 98 196 174 72 154 68 142 40
170 151 107 97 87 132 186 93 102 92 157 22 190 200 189 170 24 165 167 116 66 148 63 175 11 163 131 70 61 161 139 56 200 12 86 34
35 188 196 189 54 127 104 143 161 47 170 7 28 5 97 39 143 79 50 19 159 196 135 163
108 7 5 54 33 194 22 44 197 70 137 103 186 5 161 75 176 92 104 81 180 84 123 67 148 184 122 152 129 4 148 123 69 129 148 161 146 56 7 188 128
81 116 164 183 175 11 54 55 180 37 70 62 70 187 188 53 108 36 10 189 29 66 179 23 70 186 187 73 180 24 105 170 103 159 42 182 4 156 156 174 169 149 34 27 171 182 199 48 181 5
99 141 153 129 99 35 145 198 140 100 149 195 148 118 26 191 163 14 34 70 72 72 19 12 137 43 187 4 103 70 131 130 18 126 8 71 197 148 13 87 38 189
165 134 126 111 146 149 131 36 152 175 146 136 84 90 175 190 16 49 130 145 112 43 3 192 181 79 92 193 15 163 60 113 50 74 36 98 80 69 59 158 123 10 95 128 116 1 69 18 88
159 68 58 31 25 99 142 1 15 120 164 150 4 86 168 189 166 68 76 156 139 136 179 115 147 12 43 115 120 120 181 35 146
148 114 149 86 103 144 165 116 155 164 182 78 107 21 36 86 122 145 43 18 186 42 120 144 108 120 105 102 56 49 104 71 77 131 71 53 52 186 23 123 139 94 109 103 64 90 190 153
47 26 179 152 137 32 45 83 17 84 9 75 83 96 162 117 186 137 50 98 146 13 117 166 175 95 61 152 81 153 148 136 16 45 55 74 18 170 92 11 13 135
127 143 180 34 189 98 45 105 90 31 143 167 188 165 58 156 69 89 19 9 71 192
56 163 25 166 102 6 12 183 65 121 33 193 157 25 89 2 39 141 11 120 163 184 64 122 178 64 8 135 168 177 55 150 95 83 93 79 167 35 174 193 179 114 59 117 83 94 187 16
43 14 60 187 150 176 60 173 132 78 44 135 59 33 198 162 196 79 5 131 129 134 154 80 4 173 78 50 174 43 111 190 98 173 1 174 110
5 28 129 193 105 18 20 91 149 156 17 176 158 72 93 173 132 87 82 107 88 96 18 110 72 5 184 26 184 18 158 121 145 180 58 80
118 49 14 40 53 171 35 106 193 131 171 32 14 130 129 149 79 139 185 28 71 170 47 99 182
35 183 40 89 163 87 22 162 111 54 53 90 185 166 80 54 47 173 167 80 6 54 140 121 85 49 85 191 163 132 137 85 4 152 32 43 190 139 163 40 185 27 76 95
129 49 153 85 187 156 175 47 179 44 155 96 50 29 32 131 131 35 109 125 120 103 188 42 106 123 134 170 171 139 96 196 29 120 117 183 84 93
146 31 149 8 132 106 52 25 52 163 148 60 47 87 196 15 196 175 49 142 28 134 77 161 3 147 187 144 33 190 131 46 131 100 186 154 140 24 154 163 147
16 190 179 126 165 90 190 67 119 136 123 21 117 179 1 123 120 164 7 86 49 87 75 76 113 158 193 19 123 106 70 147 25 74 148 165 196 41 105 93 90 45
22 149 15 111 164 100 72 65 4 37 3 43 119 106 23 24 145 194 106 4 125 168 191 143 180 1 20 14 152 116 75 169 92 43 83 115
150 131 10 115 88 106 177 141 180 62 5 112 61 145 177 89 181 114 99 18 84
133 105 28 134 175 66 118 137 131 24 89 132 81 197 58 75 132 120 144 153 172 42 143 90 39 69 39 136 6
192 108 93 14 55 200 100 21 46 97 129 64 123 136 146 31 189 181 120 125 108 187 80 97 120 139 45 112 44 142 35 42 149 78 129 157 53 30 28 118 92 70 114 191 113 144
125 61 122 112 105 139 39 163 66 179 159 94 143 165 53 22 46 1 4 196 187 117 165 81 175 17 109 65 9 68 51 96 157 173 137 148 156 64 78 15 135 159 158 38 126 74 74 85 42 160
162 177 129 2 193 82 156 21 83 176 47 93 195 7 110 163 111 18 138 178 182 34 173 117 92 111 64 197
171 66 191 186 28 104 75 89 116 164 17 114 92 89 120 103 114 91 39 7 4 96
169 7 109 161 147 2 145 134 11 30 77 51 43 151 95 151 125 43 179 4 184 90 120 192 71 79 192 162 145 59 147 19 167
120 17 27 141 81 166 92 23 4 28 128 165 177 146 99 190 14 183 112 194 56 167 172 45 70 1 117 197 40 147 68 23 31 76 160 138 152 168
136 26 154 115 180 3 73 34 142 156 95 100 44 2 99 120 26 11 12 108 1 168 16 33 155 160 162 163 140 187 46 74 14 107 41 142 139 74 151 166
117 134 197 13 67 81 160 90 197 188 115 115 102 41 122 163 70 150 8 178 107 148 76 137 76 121 127 159 162 175 50 198 182 133 134 143 187 72 119 121 195 120 181
7 85 82 43 165 65 197 95 31 16 191 24 32 91 68 148 95 30 17 43 68 28 12 58 41 196 111 73 102 191 114 71 106 178 1 171 38 109 195 35 27 189 120 1 147
120 45 138 78 104 134 192 39 163 51 147 107 186 99 66 73 149 120 40 2 153 175 105 164 131 145 44 69 161 152 38 127
99 42 20 134 66 33 76 44 108 49 122 123 97 9 40 137 11 80 34 158 155 111 197 198 128 22 162 56 125 159 153 87 2 1 166 137 142 60 62 81 181 198 62 110 5 129 66 13
44 43 129 15 143 91 155 168 176 163 37 41 117 160 121 11 179 59 165 165 43 2 118 91 104 71 84 152 141 198 134 164 81 92 170 100 17 163 112 187 187 146 112
121 130 84 122 27 96 111 149 36 123 121 130 185 54 183 157 177 67 97 199 70 13 69 9 104 89 153 15 54 91 8 108 71 186 149 131 78 157 80 55 160 60 98 97 52 198 50 104 33 18
79 167 177 39 44 136 195 70 94 159 120 52 30 58 17 131 113 156 12 109 198 97 127 96 33 138 100 108 28 181 21 73 127 16 144 195 42 80 69 63 104 104 14 153 24 81 81 83 167
13 27 102 20 17 20 191 58 150 127 71 31 176 60 142 9 132 104 149 128 76 39 168 107 107 68 157 127 174 196 2 52 181
196 190 29 29 122 90 60 145 18 118 160 193 130 59 87 133 190 110 63 17 19 136 114 6 168 158 49 164 162 154 30 183 115 123 4 58 139 72 95 55 16 197 28 38 144 64
168 105 120 121 119 26 55 29 32 156 1 43 176 57 125 51 166 181 178 38 10 23 198 109 105
1 94 107 41 144 159 9 190 123 144 142 38 105 40 129 94 46 113 24 195 84 136 117 84 72 7 114 24 66 182 50
49 198 182 100 113 189 50 38 87 120 103 94 6 163 54 66 121 50 45 91 181 56 163 140 159 30 163 153 186 167 92 14 176 130 109
79 144 200 60 15 99 13 187 105 181 137 98 107 19 52 186 51 13 111 1 182
6 25 178 119 103 85 157 19 128 26 78 107 175 183 76 144 116 176 161 89 122 181 47 80 6 150 7 85 130 73 48 83 128 93 180 67 81 192 158
186 105 98 156 64 69 43 162 122 92 24 70 155 58 17 54 190 64 199 155 128 130 164 24 158 150 66 20 105 171
185 57 6 2 113 157 144 181 185 69 25 137 82 73 74 59 121 198 106 173 72 18 153
25 29 106 97 153 66 61 51 84 139 118 37 131 168 89 122 142 180 129 28 172 30 141 103 79 38 150 39 45 120 154 89 164 27 146 111 199 84 106 78 192 51
155 162 92 60 13 119 136 146 80 10 148 35 75 91 199 21 135 200 123 197 130 100 102 112
36 102 46 142 32 113 49 28 72 48 4 174 70 77 126 46 11 135 3 178 152 109 99 72 83
30 162 186 55 100 103 137 96 71 11 146 58 52 82 22 29 81 40 196 57 122 99 78 99 151 157 137 79 167 87 54 116 121 134 153
159 10 165 127 53 43 65 17 85 74 157 11 98 146 8 94 173 108 159 184 168 172 144 17 115 2 168 168 111 81 163 154 142 21 93 117 174 89 141 31 178 63 95 182 1 150 164 175
180 148 110 121 60 5 51 197 123 20 186 111 109 3 110 65 146 154 94 91 143 50
39 52 170 152 56 134 60 163 82 75 135 198 54 79 175 106 69 36 102 31 26 82 153 129 146 144 172 84 121 44
166 64 188 93 76 120 163 13 86 194 115 2 189 123 100 183 2 71 111 89 27 56 62 80 111 54 164 66 33 194 125 113 154 32 22 62 70 100 99 93 187 172
161 11 120 24 89 178 10 19 61 56 68 39 183 106 134 48 24 148 123 79 158 99 11 132 133 164 47 186 196 70 60 192 194 56 94 105 49 178 72 127 178 33 171 116 109 45 129
146 2 149 77 181 80 136 197 54 179 130 132 160 35 47 176 10 133 144 55 11 58 162 7 158 91 11 174 21 3 198 39 153 150 53 51 68 83 91 140 116 143 76 35
7 44 69 73 119 79 170 59 192 136 173 74 135 143 145 104 142 31 21 2 38 36 194 78 79 28 100 178
89 7 169 58 96 39 179 170 5 139 191 50 139 190 6 94 110 162 156 170 145 75 192 131 98 147 81 111 102 75 184
155 27 151 127 35 28 85 115 75 83 96 52 187 35 77 180 91 18 34 46 54 44 86 175 55 188 151 82 171 123 32 26
197 77 53 57 60 86 148 170 104 167 116 89 15 25 76 146 31 94 135 175 24 126 49 166 196 42 45 65 1 63 132 173 45 102 145 78 193 27
76 60 88 136 16 182 1 164 46 97 40 29 22 91 44 186 13 64 189 128 31 64 57 2 64 44 66 7 87 37 108 161 138 159 5 62 54 162 36 69 86 47 98 111
25 107 175 102 60 90 38 155 158 174 163 17 150 87 78 121 71 2 103 138 118 110 8 85 6 100 42 2 172 200 152 156 141
134 5 147 106 116 43 166 75 89 65 168 12 94 94 178 33 196 60 125 74 194 88 9 42 19 26 90
139 10 181 112 140 106 117 181 59 38 136 49 32 12 16 99 149 159 135 23 113 73 33 63 70 37 186 140 6 184 173 184 170 108 184 82 87 46 168 160 153 57
69 194 57 22 142 132 69 94 20 131 22 5 145 79 184 1 87 195 60 159 184 149 51 199 90 77 132 165 11 126 195 183 169 72 51 38 184 28 82 146 155 102 135 125 167
200 22 50 133 46 46 11 9 90 52 6 100 70 194 150 146 47 164 135 121 149 22 133 17 15 86 163 181 113 41 84 126 155 60 110 19 157 78 197 86 91 78
64 4 171 57 77 118 122 33 72 135 134 85 71 119 49 6 144 95 146 197 41 15 132 125 29 73 185 77 198 180 119 34 25 37 91 193 184 1 78
92 12 63 89 45 162 130 153 112 163 91 1 22 50 64 8 129 85 119 18 185 143 22 195 127 111 88 30 83 163 158
4 187 143 147 46 116 139 53 191 199 100 134 74 75 164 48 139 181 159 104 5 60 26 172
177 186 181 70 110 123 8 21 183 152 179 65 166 171 44 81 25 145 104 7 92 99 14 10 181 20 52 6 95 141 18 11 146
97 155 54 7 143 97 118 171 9 71 139 134 22 182 40 155 63 57 53 198 69 75 22 32 48 120 72 199 2 96 1 185 11 117 73 38 164 122 187 10
6 74 96 195 54 117 187 183 178 74 46 79 64 155 3 78 138 155 60 9 121 89 168 93 158 168 138 70 100 9 111 79 91
192 97 57 76 163 191 22 72 157 177 30 29 152 192 44 175 148 184 2 151 54 52 199 112 62 173 15 115 157 154 49 72 89 118
2 152 119 116 76 197 196 30 77 142 6 18 25 186 68 117 147 176 168 7 118 137 185 19 21 58 139 152 93 8 163 111 48 18 113 64 117 174 36 153 76 74 86 81 188
23 165 89 44 75 46 53 55 15 96 182 132 166 198 90 147 115 197 185 146 66 111 68 14 93 59 118 69 35 48 135 93 2 60 154 96 156 171 164 104 86 199 140 87 140 11
52 105 176 56 185 72 89 200 50 90 66 55 154 98 97 9 62 43 53 133 30 187 45 18 120 88 88 195 194 4 39 168 114 120 83 56 25 15 99 64 172 48
109 14 131 35 88 91 79 62 38 123 175 95 163 48 161 174 70 134 45 48 122 183 3 42 184 38 177 192 110 183 16 98 4 165 150 140 186 187 161 107 43 150 40 37 141 68 56 173 105
67 195 139 139 12 14 108 128 4 98 52 85 27 48 145 169 78 106 87 21 70 37 7 193 130 121 28 4 127 52 120 148 40 16 14 196 115
181 27 157 142 62 186 63 1 74 72 30 157 90 92 159 48 55 90 176 158 139 88 188 88 187 100 41 99 3 53 132 185 76 161 91 193
71 51 39 200 198 139 187 163 164 165 27 71 195 117 12 9 48 21 43 68 187 194 148 64 137 105 44 106 121 82
139 135 51 112 108 58 130 25 39 184 95 85 21 200 130 53 190 150 160 186
138 28 137 185 4 65 73 187 84 125 173 151 181 49 173 158 157 148 37 39
196 73 10 137 83 145 92 48 56 139 60 33 57 166 63 73 187 69 168 1
142 195 151 51 156 138 110 89 64 118 113 121 40 50 49 18 103 11 80 167 48 127 13 148 14 50 128 19 90 48 103 197 24 134 183 157 74 64 55 171 99
126 133 140 118 170 59 77 120 131 100 89 71 187 4 31 98 48 44 113 129 44 27 7 195 120 10 80 50 181 3 195 69 28 93
3 117 172 159 81 125 70 7 194 66 170 97 31 144 179 37 179 121 152 31 123 31 70 56
75 147 108 122 197 187 138 57 47 12 65 194 90 125 14 96 132 65 12 51 32 159 35 80 18 131 105 112 138 175 96 125 156 62 127 131 73 13 188 109 185 24 71 50 185 32
84 200 39 49 200 21 140 104 142 140 148 82 197 66 192 119 90 113 156 147 189 119 160 32 102 68 52
38 152 91 133 112 189 73 18 153 190 37 30 97 10 54 52 112 58 195 139 196 78 111 47 152 111 104 163 3 106 119 41 190 44 70 37 150 141
139 97 122 153 156 8 174 149 87 146 139 163 165 113 60 149 106 89 164 176 88 74 33 109 112 103 157 155 120 193 86 142 173 44 193 170 53 26 144 20 95 148 200 55 191 41 40 107 199 34
36 83 6 144 59 198 195 82 96 108 147 30 25 136 95 138 96 103 60 130 59 66 147 37 21 182 160 110 84 6 79 148 113 23 193 79 39 109 34 136 175
54 180 89 95 99 54 55 131 54 168 187 198 52 112 62 113 87 58 11 131 48 200 108 94 121 187 155 156 154 178 162 7 117 28 25 174 179 94 191 41 115 135 181 104 142 142 85 187 132
62 42 139 134 196 55 157 27 187 131 167 187 5 102 155 52 25 99 63 39 20 163 180 41 175 144 180 187 11 3 91 104 96 97 112 125 176 186 65 97 24 119 139 178 13
79 179 7 65 153 14 26 180 172 21 176 8 147 55 172 75 9 37 11 146 146 181 22 189 52 162 36 87 140 86 178 76 95 52 185 131 94 96 60 6 144 114 40 37 127
190 151 116 50 161 139 40 28 147 25 32 98 70 25 180 52 161 112 54 100 131 174 146 159 84 26 9 12
11 140 146 194 86 179 195 103 105 74 52 61 26 11 12 56 144 21 97 126 12 38 162 78 119 9 79 71 121 127 35 96 23 12 10 65 64 72 164 164 154 176 111 67 24 168
130 94 135 110 155 179 66 164 200 100 12 155 17 134 133 38 68 140 153 83 7 14 177 1 142
25 140 24 78 193 159 49 43 198 46 134 59 35 189 157 184 57 34 197 164 32 3 121 170 79
195 37 50 49 159 148 39 189 37 83 67 39 17 153 164 66 183 196 50 152 199 11 103 119 71 114 148 75
90 100 114 51 64 53 62 123 175 166 186 27 138 41 118 52 179 21 180 119 66
103 84 142 28 194 176 130 52 108 161 125 62 26 154 21 119 50 99 4 24 8 127 85 182 144 171 88 54 105
53 140 173 36 26 15 29 188 113 145 164 7 75 194 19 200 9 116 52 19 45 115 166
174 157 25 120 26 158 196 17 146 171 198 49 91 142 129 109 129 146 96 165 11 6 129 73 80 64 11 84 147 7 32 90 104 133 150 27 163 35 91
187 187 175 94 135 54 163 139 37 17 7 123 108 35 7 170 169 49 10 79 158
2 25 21 55 77 127 173 79 54 120 4 4 2 150 197 99 168 35 139 186 120 115 29 133 48 105 68 134 106 144 135 14 180 164 99 2 154 26 76 112
22 14 150 153 80 115 159 45 32 162 154 34 52 70 161 104 25 130 94 169 186 65 117 166 100 170 69 11 74 26 191 52 39 118
116 143 173 190 141 137 179 26 11 195 180 123 128 18 182 193 24 71 35 74 59 165 46 13 37 126 67 195 74 156 93 181 155 135
67 184 170 12 161 16 7 50 142 128 90 128 164 99 38 43 113 28 191 168 40 155 138 125 183 5 174 68 135 104 50 96 109 61 40 34 191 152 135 191 185 195 108 99 165 147 118 188 5 151
120 173 22 143 148 10 17 117 47 99 106 143 95 4 168 83 113 83 50 117 62
85 92 119 57 110 64 184 84 175 130 173 28 58 78 37 195 54 50 199 114 56 50 115 35 115 172
10 46 98 95 194 29 166 167 138 151 24 97 26 64 104 87 111 24 91 3 17 99 33 42 6 163 91 74
62 185 180 151 43 15 12 66 92 128 79 147 152 168 28 132 26 137 148 168 169 68 170 5 69 64 87 106 24 173 158 152 70 167 152
162 20 137 117 99 87 112 86 83 80 125 106 146 122 189 88 87 126 36 189 116 111 36 6 163 184 98 146 63 85 190 112 197 52 100 41 132 198 44 106 107 69 45
128 19 31 146 96 37 107 7 57 194 92 44 200 4 9 28 94 11 70 96 20 95 3 161 122 46 166 86 141 91 146 57 143 49 45 87 23 57 69 179 95
39 166 66 130 64 89 60 188 187 10 6 82 147 135 21 91 153 152 192 8 115 132 170 90 128 41 65 139 37
10 199 36 121 166 61 60 39 78 184 7 167 83 53 184 111 187 179 28 22 93 115 67 7 77 96 66 55 94 97 158 12 48 129 96 118 12 111 160 25 113 39
29 44 148 156 65 6 65 106 167 88 91 78 104 196 153 12 23 37 99 147 169 61 85 47 108 14 6 13 158 5 108 59 15 103 55 62 4 48 83 30 40 21 6 98
9 138 43 16 162 69 7 33 70 188 183 108 86 163 158 185 40 40 142 142 66 119 170 21 100
55 46 91 46 103 70 87 169 80 86 40 15 155 136 37 95 131 21 189 176 32 73 25 33 140 142 72 94 58 75 30 27 105 103 32 181 2 80 134
170 22 38 82 90 182 182 46 20 39 24 50 168 191 42 7 135 103 71 158 181 53 83 26
98 26 30 105 116 48 169 102 159 73 163 149 33 180 151 4 92 195 81 68 183 138 195 200 40 96 3 113 71 114 174 159 12 71 174 63
166 16 108 22 51 133 79 33 151 64 162 173 111 51 127 23 105 140 1 189 137 161 162 163 130 18 77 188 167 12 117 188 3 94
106 54 186 100 162 78 197 1 150 29 47 172 85 154 24 100 141 64 99 105 121 62 46 8 83 24 176 96 56 29 117 173 55 25 196 183 47 165 18 186 200 126 189
139 66 118 70 88 69 196 102 94 41 82 109 176 155 34 179 148 36 20 71 69 36 4 190 60 159 84 58 142 52
32 27 133 128 163 74 192 93 80 148 185 58 184 163 189 91 175 147 88 103 32 164 22 123 200 92 173 69 56 56 47 144 166 123 57 16 69 80 17 25 11 18 130 184 45
132 68 93 94 178 92 4 82 112 130 160 153 158 179 127 169 35 18 99 25 189 64 181 13 16 195 165 133 14 156 189
73 187 115 189 112 115 75 37 82 75 65 44 131 29 100 52 86 180 2 47 145 198 70 154 34 33 11 40 54 177
39 59 24 95 187 194 173 136 17 158 76 34 121 16 2 83 87 187 147 147 108 102 200 117 33 50 37 76 151 183 174 166 135 165 79 87 73 193 9 131 106 19 90 29 138 73 145 38 164 156
136 71 50 197 120 55 199 168 174 50 166 71 154 78 64 41 85 117 105 16 82 150 117 100 90 151 187 28 193
199 130 146 33 92 151 45 68 47 16 113 60 63 133 89 43 176 145 142 56 136 96 14 81 178 4 15
177 79 34 28 13 31 46 75 159 165 5 53 192 151 181 103 9 128 14 26 21 110 174 24
41 135 87 128 19 23 78 80 166 3 38 41 104 188 103 103 156 73 70 111 35 51 79 125 187 172
190 92 167 24 180 41 125 102 179 150 47 182 176 108 156 71 167 95 33 94 187 112 169 125 113 122 79 55 139 46 112 51 39 64 107
118 17 61 200 185 31 105 110 122 144 83 191 95 194 92 108 152 135 59 109 70 175 97 34 75 140 84 177 71 48 71 68 55 196 58 176 141 50 90 187 81 179 146 153 61 5 59 128
37 138 104 51 167 163 188 32 111 130 21 56 149 15 48 153 14 78 52 138 197 126 182 102 143 55 111 147 190 30 55 140 66 91
158 97 139 80 187 62 97 12 6 106 64 128 27 39 61 120 40 83 171 19 165 31 100 110 6 82 173 73 147 108 23 72
69 13 5 192 116 153 69 95 77 187 158 40 85 5 151 3 86 40 175 151 46 131 35 58 199 14 102 182 185 27 160 5 80 70 144 53 133 45 114 83 116 47 157 72
172 179 120 196 162 194 103 24 5 15 188 89 148 70 42 78 175 191 57 160 93 58 75 16 82 28 118 154 181 116 97 150
34 200 77 3 189 200 10 170 16 95 104 39 140 69 90 176 60 176 36 141 142 163 158 100 95 121 190 163 59 105 117 131 92 181 57 116 38 79 128 149 149 62 12
183 91 91 44 18 61 182 81 20 123 193 14 169 184 139 97 138 138 33 162
164 113 189 132 194 44 91 31 69 45 145 116 134 49 9 107 4 118 166 9 60 148 13 176 180
185 174 193 27 137 154 174 18 93 95 154 30 37 4 92 187 132 40 17 32 199 116 99 41 80 68 40 73 160 83 40 108 8 134 102 136 5 61 137 83 110 129 129 89
21 146 149 114 147 92 196 121 10 61 5 127 146 40 34 117 31 26 67 115 5 40 121 153 140 125 53 173 4
197 186 100 166 196 173 36 170 169 76 140 70 90 109 16 32 123 63 121 33 188 197 109 163 74 12 62 131 4 163 97 197 185 66
32 46 29 194 41 102 9 8 142 193 187 196 99 108 140 91 36 127 14 35 167 41 74 58 188 36 144 73 135 166 13 154 191 151 89 62 192 92 62 90 195 115 52 10 22
135 119 155 172 8 18 149 2 34 128 51 25 200 198 179 13 152 18 67 18 59 103 154 71 184 87 192 153 87 200 137 166 41 196 119 143 22 196 34
70 138 125 84 96 195 133 154 199 187 10 83 191 27 149 60 158 143 177 169 21 150 159 70 132 46 79 51 199 97 25 93 28 153 83 30 132 96 2 148 122
76 114 169 59 137 106 156 127 188 184 83 58 198 192 100 137 82 139 155 11 180 38 153 171
191 117 180 2 13 58 13 32 25 144 6 50 128 199 152 15 166 127 21 45 196 163 175 178 65 192 90 76 83
63 181 58 25 125 5 16 178 21 46 160 177 32 93 200 52 169 37 112 40 77 8 152 36 158 15 41 62 178 93 88 137 76 90 53 128 183 51 102 192 16 12 120
112 7 15 17 163 30 9 62 1 107 119 111 73 38 13 172 92 134 128 178 187 168 142 191 144 110 140 30 188 156 169 65 40 82 126 81 130 31 187 146 182 20 164 134 90 67 131 8 159 190
94 40 19 21 142 59 39 133 100 151 179 104 76 6 140 71 78 162 171 71 191 188 62
69 63 136 89 133 34 155 56 135 184 44 53 192 72 148 131 123 119 128 192 169 103 183 40 128 129 193 121 19 33 176 166 183 61 80 91 2 98 190
134 12 2 125 132 165 103 112 191 181 128 70 152 43 169 76 27 122 102 89 92 17 42 158 38 115
9 80 145 1 74 114 10 163 117 82 193 121 21 55 142 162 70 200 62 61 103 134 164 81 58 42 104 187 39 199 12 35 59 163
106 196 9 193 103 175 175 154 21 116 27 10 198 174 167 88 8 19 40 113 159 70 103 125 118
72 7 49 151 16 122 29 24 117 175 73 93 41 70 177 141 104 195 2 15 149 91 149 81 111 41 45 198 142 67 37 136 10 176 136 46 79 43 189 97 18
38 80 66 135 189 69 137 182 199 130 7 58 17 13 89 180 143 141 97 119 174 129 135 200 184 66 140 112 81 117 22 199 5 157 168 89 158 106 200 16 140 35 142 106 190
160 103 36 25 126 22 130 112 106 186 4 165 137 63 123 166 99 97 116 154
38 127 145 162 186 119 159 169 133 61 94 9 158 22 171 140 30 110 26 74 52 115 170 110 199 16 117 156 38 104 193 87 50 35
185 159 72 22 18 189 78 131 18 61 85 63 148 185 178 71 46 39 167 33 25 167 159 149 156 75 147 132 56 192 125 76 167 17 30 48 107 196 148 12 149 156 57 196
6 16 170 148 200 173 159 75 200 61 76 42 119 87 22 24 89 143 54 2 176 22 157 187 58 16 152 167 15 91 191 21 19 157
58 174 120 28 175 160 176 86 191 149 115 156 159 134 197 35 59 112 96 16 84 63 7 138 182 184
46 99 58 144 76 38 30 135 22 14 98 84 198 185 27 88 6 19 198 137 131 127 142 177 152 191
14 154 33 177 132 80 134 64 176 57 86 148 187 35 71 122 79 17 129 68 168 158 127 16 58 106 105 194 41 160 18 69 69 167 55 115 149 3 110 17 195 29 56
114 180 164 135 50 185 10 3 185 104 148 92 116 179 89 154 121 10 122 120 40 55 26 183 24 82 59 27 40 109 172 182 126 74 127 68 95 141 1 34 136 14 17 149
190 162 1 44 187 130 84 179 21 62 131 24 141 198 156 114 163 163 138 115 159 130 112 63 158 149 196 64 114 37 7 74 30 126 125 178 194 49 11 171 24 97 125 152 167 138 42 8
44 122 188 161 179 126 196 14 79 170 41 119 168 121 188 34 107 102 171 4 195 89 79 200 104 163 184 17 78 182 98 94 76 14 62 114 147 176 173 145 53 27 8 105 163 123 107 82 95
90 130 111 14 169 169 31 85 145 158 145 76 141 126 138 55 102 68 55 113 190 183 55 16 153 58 8 168 11 24 64 92 149 179 134 111 189 89 176
135 6 196 113 59 166 12 80 181 174 19 161 137 12 1 24 119 194 34 144 54 60 74 6 199 109 16 28 23 59 30 168 142 20 104 196 23 195 115 38 17 173 149 42
100 182 23 32 163 12 112 195 1 194 74 3 66 86 78 72 147 12 174 9
2 69 178 92 68 138 95 83 60 134 46 143 99 180 30 131 76 166 133 80 57 51 165 105 196 105 128 68 152 3 23 147 109 133 200 184 72 152 66 33 92 113 44 163 58 176
54 143 23 68 92 13 23 112 28 22 189 165 96 195 16 200 95 106 132 22 140 35 76 100 181 138 25 44 151 128 94
170 102 103 54 42 175 149 117 189 87 142 177 90 49 200 150 184 200 153 58 25 93 24 142 51 126 72 119 127 115
163 51 167 111 100 140 24 183 135 143 36 73 14 39 186 60 162 187 112 77 180 57 176 169 71
148 31 40 150 103 85 135 39 40 70 177 142 102 9 143 113 142 31 24 60 96 128 67 24 51 21 24 131 159 52 69 18 32 19 168 30 144 170 94 1 137 34 12 176 47 72 164
186 46 196 174 65 154 56 198 92 82 12 9 152 39 174 51 89 52 94 118 71 194 197 34 145 25 77 95 162 116 155 126 116 75 21 81 192 192 157 112 21 4 161 179 35 154
12 117 86 4 65 72 120 7 13 168 119 164 170 190 151 83 3 137 198 48 38 156 105 158 109 133 14
22 15 4 33 43 47 111 37 66 39 82 44 61 12 17 2 170 123 132 28 174 129 157 31 139 51 66 6 106 199 47 83 58 119 82
13 77 105 143 137 22 37 139 66 93 172 44 98 51 99 10 184 163 182 41 25 138 121 171 136 44 189 133 67 102 64 155 154 104 15 160 22 144 140 111 140 165 122 58
149 146 134 21 167 131 179 49 125 1 75 167 172 176 169 3 112 122 183 105 115 194 21
38 195 109 82 194 82 126 163 173 90 116 103 75 130 80 187 188 118 122 43 183 120 110 15 191 133 120 1 58 138 148 9 182 191 188 89 145 56 172
88 159 118 186 119 187 40 113 150 115 28 190 184 137 175 196 10 144 159 155 76 53 38 74 36 192 47 58 21 141 127 52 129 41 56 179 141 34 126 84 39 10 14 186 173 93 182
186 200 187 33 113 163 126 93 121 157 98 77 38 163 187 165 114 17 64 113 120 65 46 52 37 31 175
133 194 119 84 185 47 105 138 182 17 181 128 128 39 116 159 123 144 181 183 121 91 131 27 125 150 128 47 71 3 40 150 70 142 105 93 51 141 150 154 116 120 75 41 116
17 42 72 25 82 73 13 68 50 119 102 40 125 24 132 33 49 103 41 75 21 92 176 91 114 171 196 80 142
40 79 128 195 159 60 114 50 198 121 188 171 134 126 72 194 108 69 138 43 90 158 65 132 45 132 30
135 161 147 3 68 165 156 171 100 134 31 82 39 31 3 189 178 165 155 10 106 48 151 49 42 121 43 137 53 195 167 168 71 12
152 19 19 102 15 16 108 126 29 110 60 6 30 19 23 165 32 1 41 60 84 148 72 12 198
170 7 191 96 197 174 11 13 96 23 115 18 51 19 51 184 52 52 43 95 166 159 147 98 24 157 141 149 43 89 141 192 102 158 100 146
195 102 171 199 106 29 56 157 143 160 182 131 76 160 185 8 105 45 194 110 19 13 151 99 45 54 121 163 52 6 32 159 126 187
155 3 18 144 136 145 120 174 120 39 145 25 5 95 144 128 193 133 164 82 185 85 99 182 178 163 26 155 48 169 97 165 80 197 17 48 51 143 118 72 151
97 17 110 88 100 56 173 53 71 24 169 133 131 183 50 187 179 95 122 154 50 50 67 114
42 67 57 188 132 5 145 137 87 121 196 184 115 79 46 51 25 187 171 177 80 187 49 82 128 130 188 7 196 79 141 200
58 32 34 174 54 144 176 106 147 53 146 60 177 189 141 150 168 138 4 166 109 102 168 153 130 97 108 9 169 190 3 199 68 92 189
131 52 110 188 100 163 86 58 108 166 121 155 96 160 197 193 34 147 100 121 186 5 102 5 174 6 19 159 30 141 132 74 8 171 138 140 71 127 30 52 30 127
153 110 182 145 45 44 16 190 4 189 61 179 198 42 75 199 10 21 160 154 158 162 73 120 4 107 24 168 103 169 79 85
128 75 18 194 187 134 200 150 1 194 56 143 147 19 2 116 103 138 161 172 36 199 180 24 136 140 127 129 185 2 61 97 152 189 43 61 134 149 153 194 84 132 46 96 151 127 115 123 164 97
116 123 87 198 87 70 200 94 189 79 10 190 131 151 12 111 117 54 147 193 168 115 133 4 197 25 68 26 64 187 3 20 21 168
3 99 37 85 167 109 30 160 32 87 2 59 109 102 71 9 148 68 146 177 50 20 152 159 27 159 164 196 14 73 68 45 146 116 132
45 185 18 191 1 172 21 131 59 120 19 123 188 88 189 11 70 156 129 94 130 4 22 90 90 6 72 151 58 74 113 44 31 37 39
55 48 185 60 43 12 50 178 156 168 111 95 47 159 187 84 167 38 88 72 138 44 47 132 159 160
141 60 114 16 170 199 4 51 147 161 11 90 57 187 197 167 161 168 195 38 16 180 164 94 176 21 123 167 178
178 10 50 60 117 71 1 2 113 88 147 159 41 22 20 24 103 177 11 123 103 128 76 11 87 83 44 75 23 107 33 69 105 35 191 56
139 91 123 111 68 143 150 5 59 153 18 98 145 78 110 64 49 40 28 14 161 105 162 184 190 62 92 71 173 90 154 177 175 45 193 162 58 94 172 31 78
5 88 28 112 88 64 191 81 66 47 97 126 5 178 18 183 177 46 146 68 35 99 173 164 128 193 120 59 170 26 160 38 61
58 122 108 87 170 68 129 186 191 4 82 199 68 169 147 144 142 49 164 84 139 134 2 167 128 161 25 136 158 38 21 116 140 76 181 113 63
154 68 196 27 146 171 61 49 179 86 169 114 63 62 22 130 174 193 35 29 186 50 134 114 109 33 68 2 17 114 105 100 75 23
98 139 110 188 191 78 151 177 112 104 186 6 142 85 20 87 169 18 115 27 123 109 38 145 78 132 82 49 102 174 130 114
22 187 39 37 108 46 47 54 57 40 133 139 91 168 58 126 166 163 148 63 133 86 17 7 116 6 170 113 142 187 188 13 95 184 119 45 123 17 31 179 135 138 116 102 158 71 66
195 39 163 23 76 35 100 114 123 49 136 25 178 153 158 61 52 181 115 33 14 199 179 108 21 121 123 117 2 96 22 14 103 165
23 71 41 71 25 144 27 185 20 132 120 142 137 33 147 178 84 128 152 188 61 34 193 46 71 114 22 173 31 169 3 84 27
113 3 9 173 196 109 81 76 170 166 79 70 21 190 22 186 88 39 113 111 200 129 123
195 57 150 149 176 189 181 193 75 169 118 65 72 82 98 41 73 196 22 11 51 144 158 34 184 155 122 78 49 110 153 62 177 63 138 7 44 77 94
11 105 190 24 82 57 46 76 119 15 55 150 142 108 132 123 26 16 34 163 40 178 115 85 9 184 2 79 142 88 197 76 154 50 150
78 67 102 8 168 174 41 5 151 105 198 58 182 53 74 71 151 35 180 55 68 38 41 97 55 181 44 195 170 117 194 110 6 116 144 119 190 57 37 65 84 191 141 121 70 79 179 136 183 141
170 77 123 147 33 130 47 171 40 131 91 109 127 22 71 4 83 86 167 174 76 15 84 56 191 174 55 130 108 51 183 26 69 4 197 110 182 135 24
26 160 162 142 7 40 13 95 163 193 58 134 33 106 33 30 9 51 175 166 6 146 23 62 142 96 68 78 43 88 138 135 10 187 146 81 99 9
114 126 190 158 48 92 163 192 174 90 3 89 63 59 158 88 47 144 172 150 99
59 82 163 17 91 141 85 155 131 123 30 64 89 8 149 193 21 192 16 131 114 200 73 185 108 129 132 182 197 73 189 153 149 189 129 79 187 10 169 46 141 142 199 47 34 35 96 172
17 138 179 94 152 103 96 16 9 56 181 23 30 187 26 107 198 62 35 152 175 37 18 40 142 7 46 200 186 59 180 30 176 57 17
143 95 176 133 175 45 140 198 13 83 30 188 9 8 142 142 144 195 26 108
17 80 68 6 148 87 163 61 1 183 56 78 60 60 185 2 86 34 177 90 105 7 76 143 36 146 184 72 179 128
80 191 10 141 93 148 54 116 46 164 4 77 182 70 188 125 34 62 98 68 67 36 5 4 99 179
26 109 110 8 149 109 189 12 89 68 34 119 93 116 44 77 139 52 75 175 51 141 154 117 108 118 49 19 161 75 153 199 130 81 10 40 6 176 80 19 52 140 23 2 92 98 15 178 17
44 58 61 78 21 122 8 81 106 174 180 5 109 154 143 53 1 72 12 20 197 102 58 168
146 67 116 115 108 142 31 136 123 8 20 198 116 118 173 49 47 61 159 170 150
37 145 160 63 96 111 123 170 30 88 143 89 85 139 64 158 65 159 81 136 82 8 140 188 162 130
55 193 46 35 51 45 77 198 1 26 122 125 64 193 49 1 171 119 53 66 64 39 187 155 141 140 166 52 56 19 73 133 7 86 85 135 91 80 51 52 64 42 200 147 145 26 26 198 148 112
72 99 187 41 29 137 189 132 172 105 77 76 163 138 62 81 58 15 128 80 98 199 86 146 136 28 82 163 89 115 8 199 129 2 157 156 190 112 71 83 99 159 94 72
27 35 24 119 59 6 6 90 194 148 174 84 68 155 94 188 97 83 69 163 48 85 127 73 9 164 35 37 175 177 104 169 59 138 128 65 175 59 17
37 165 181 134 169 172 175 48 91 170 174 110 135 40 87 130 102 61 169 63 71 26 196 187 177 40 187 160 5 97 78 152 174 91 163 20 120
105 76 109 127 23 144 173 104 146 184 83 164 21 103 188 137 92 20 43 189 154 195 180 59 191 132 164 136 24 11 158 62 109 53 12
168 120 47 84 134 143 42 39 44 48 34 200 102 163 166 163 47 66 84 44 196 199 83 192 122 150 78 61 71
97 57 23 77 153 149 129 195 141 130 1 98 165 58 15 42 164 67 4 39 28 94 109 46 146 162 190 70 2 77 200 116 87 142 153 115 89 164 3 158 155 181 65 70 23 105 153
135 115 83 99 52 140 94 136 187 19 108 115 151 191 98 132 111 31 47 190 16 104 70 83 136 90 109 196 20 148 103 71 45 8 157
100 200 140 45 76 53 120 84 102 68 52 19 126 40 172 51 153 76 136 183 103 37 78 42 58 20 175 96 85 88 119 22 81 130 82
55 49 159 177 7 35 145 169 183 128 164 134 29 9 114 30 92 199 151 168 135 89 133 176 191 120 150 187 6 145 83 62
48 169 28 172 67 9 119 114 147 59 120 136 140 133 172 1 78 43 24 99 9 182 198 176 153 44 100 41 179 42 132 168 150 22 186 23 99 97 52
60 3 139 95 140 47 76 184 192 1 79 100 54 164 100 60 153 14 107 84 172 65 132 58
102 33 160 113 99 10 86 31 145 91 189 130 94 94 122 179 66 94 129 127 28 73 189 82 195 59 166 116 17 43
175 117 10 29 163 154 110 62 48 28 135 200 17 121 126 85 85 20 119 85 87 177 138 64 146 87 12 198 27 82 71 87 182 68 181 140 53 17 23 32 65
64 188 7 26 25 140 129 111 121 146 60 161 118 17 11 22 164 102 151 94 81 51 184 30 109 42 133 86 70 184 20 91 191 133 2 178 197 146 43 182 59 129 127
71 74 21 184 73 136 134 144 64 56 24 160 119 153 152 112 81 72 172 164 183 57 104 168 55 62 123
63 190 182 148 64 154 172 15 56 48 63 116 199 134 26 144 42 140 111 71 120 45 164 111
162 91 187 171 156 128 166 111 160 79 158 52 140 26 176 177 174 93 17 4 136 84 135 169 16 149
46 59 72 70 131 167 131 40 9 107 85 39 71 7 89 118 118 137 41 154 120 98 1 75 118 100 127 169 60 51 14 133 171 74 52 65
92 12 149 95 46 19 71 43 54 161 138 192 199 176 48 41 58 168 155 107 156 135 23 26 121 199 73 86 141 144 81 131 137 11 148 70 127 4 117 134 126 133 163
45 159 37 4 40 33 19 157 21 22 134 84 155 199 130 85 22 182 21 94 76 63 73 108 110 155 45 166 75 54 182 199 179 184 10 161 63 164 51 183 183 168 84 164
16 109 26 52 93 54 183 54 193 164 84 113 92 47 81 49 54 123 133 23 88 144 154 148 11 82 53 122 45 175 68 7 52 53 169 187 73 191
128 129 33 62 184 64 29 45 41 2 110 26 17 42 197 198 86 27 107 137 110 131 131 51 119 110 173 47 27 181 160 10 147 42 20 77 114 127 178 145 74 107 144 36 60
114 20 149 65 132 36 153 169 20 47 122 125 164 165 9 150 145 42 104 162 98 149 163 191 141 181 133 161 57 27 87 131 150
199 53 170 147 24 197 58 115 42 80 171 3 27 36 160 158 165 121 167 111 107 175 128 30 80 74 149
148 32 103 161 118 153 112 22 57 88 198 27 132 150 103 12 26 195 52 14 132 40 122 12 196 122 186 72 194 180 71 69 91 10 91 59 128
43 138 142 136 45 182 99 8 57 192 196 86 174 44 15 184 169 23 193 26 97 116 55 195
177 195 125 98 132 22 163 91 98 115 75 104 160 126 53 67 153 89 30 163 173 149 122 94 39 67 103 12 141 129 169 169 47 175 98 196 1 41 99 146 82 193
63 108 84 113 22 74 79 196 128 150 36 146 36 85 39 172 4 74 53 123 100 46
34 186 164 176 123 170 157 42 174 10 11 186 80 87 176 60 44 157 33 75 142 190 106 148 35 196 166 115 112 130 63 39 118 55 60
65 171 40 25 55 71 33 161 103 149 65 194 57 71 197 171 179 185 177 143
88 174 4 43 138 93 151 164 185 129 128 92 57 55 21 116 125 190 125 113 141 111 26 48 48 163 195 29 53 142 87 198 67 22 4 182 80 62 90 144 163
126 33 42 75 57 94 27 75 74 81 125 178 164 42 157 195 46 10 187 132 32 131 5 17 186 157 151 142 40 104 18 58
48 106 3 152 108 150 80 39 55 87 172 106 47 54 83 75 13 25 179 59 158 138 107 21 114 77 96 95 130 142 174 47 104 2 159 161 106 147 80 190 6 125 50 1 147 170 136 8 75 19
37 4 128 181 154 11 1 189 119 102 136 95 103 39 119 168 95 197 185 65 122 120 75 187 44 52 27 88 50 130 56 197 129 25 56 10 92 78 17 111 43 103 3 41 163 10 3 81 102 155
64 10 165 104 82 119 96 34 79 69 94 132 104 24 135 103 126 144 73 195 96 133 32 165 30 152 136 16
66 28 177 125 76 17 126 185 63 67 75 36 190 88 104 200 30 172 175 79 32 64 188 178 162 160 168 69 2 190 123
95 143 177 18 51 185 53 9 200 87 104 166 187 73 71 7 7 166 96 136 130 81
14 84 43 108 190 132 91 44 48 156 175 48 198 117 174 151 46 75 163 131 32 37 180 2 17 164 107 180 179 115 36 129 84 169 190 75 135 168 59 199
161 159 181 18 81 178 51 60 148 60 53 95 110 111 121 132 97 39 103 73 177 29 185 196 116 141 100 13 192 147 146 19 100 178 99 9 44 73 54 83 45 81 79 179 20 18 36 179 21 120
2 81 197 1 136 177 8 161 69 179 136 197 164 79 29 192 67 87 3 141
26 35 179 21 144 194 1 175 179 200 112 20 42 12 5 166 148 168 123 49 67 160 94 128 149 144 184
4 27 183 49 104 1 47 9 63 121 83 118 95 187 64 99 188 48 98 32 145 34 88 34 120 2 163 168 102 173 166 48 17 2 46 151 57 109 44 90 162 89 55 151
116 75 42 22 110 170 34 44 53 42 135 28 193 98 105 20 91 89 184 163 60 13 102 166 109 146 151 38 85 182 183 24 150 106 41 69 186 66 165 5 79 44 9 116 136
86 160 118 71 94 66 140 168 191 91 112 108 187 153 33 4 56 155 69 22 128 106 84 98 128 78 137 76 44 35 192 144 50 123 78 125
153 179 154 194 161 153 191 198 18 66 144 92 176 93 122 84 73 42 139 118 10 68 53 154 142 54 14 125 110 132 90 89 76 35 83 71 197 179 113 112 141 128 150 36 63
56 135 108 163 89 16 67 30 131 165 54 183 42 46 137 196 198 9 108 90 110 15 136 131 176 131 104 128 172 131 190 180
196 133 175 156 78 60 102 186 58 103 56 12 78 50 150 103 141 2 129 67
46 84 188 166 26 51 22 128 64 66 198 87 12 145 156 88 36 180 151 36 14 129 133 126 105 96 138 123 11 73 164 176 21 77 78 34 52 171 24 75 31 43
77 153 63 34 34 12 65 90 185 7 120 131 26 59 56 81 106 195 168 142 94 134 103 156 7 30 193 129 26 131 153 77 11 34 85 61
191 91 58 188 90 190 153 17 95 143 148 167 125 29 141 99 99 59 56 183 4 143 100 90 108 132 144 70 54 31 154 187 120 87 36 197 37 187 91 160 130 136 189 7 28 49 18 14
145 144 121 162 28 142 59 18 21 69 53 119 115 107 9 102 182 182 145 25 27 85 55 92 137 136 95
163 49 164 83 111 145 141 24 67 64 44 37 79 174 75 53 130 185 57 47 22 24 19 8 147 41 89 10 64 79 32 61 87 74 79 87 5 118 174 75 46 5 175 59 82 46 195
171 119 106 67 90 188 129 187 72 180 78 163 45 16 54 63 37 179 89 8 164 106 8 16 30 69 20 142 3 66 24 192 140
104 190 146 59 85 170 72 187 146 131 145 59 92 103 172 13 198 17 174 108 160 145 156 143 39 151 110 108 53 80 130 189 39 41 179 153 120 50 72 118 109
89 67 104 155 186 138 163 187 111 16 164 33 121 197 125 13 119 115 48 188 64 184 168 7 160 72 82 99
135 70 92 64 169 91 108 200 114 135 54 89 190 147 71 169 107 54 119 47 171 103 88 102 113 24 138 84 112 103 142 139 9 139 127 95 7 41 119 117 16 152 178 13 54 78 98 25 160
103 130 106 22 42 10 187 59 48 132 194 170 85 182 77 11 13 200 191 8 32 47 28 120 34 143 41 134 169 120 11 153 84 75 76 31 19 61 147
166 133 32 74 120 102 161 194 11 28 187 170 19 154 30 95 183 9 7 17 151 38 9 22 181 181 92 89 199 187 176 93 165
182 186 178 48 113 69 109 133 21 140 187 194 94 153 87 184 155 39 120 134 40 186 42 32 155 114 196 41 182 164 25 197 118 144 200 22 149 146
176 85 130 29 56 102 164 63 134 57 138 1 2 197 57 182 114 38 139 88
180 132 132 37 145 23 33 134 109 182 29 34 78 123 136 165 105 4 80 60 99 152 141 16 162 159 108 24 41 76 113 7
24 21 110 38 87 197 139 95 29 160 9 150 23 131 69 116 12 39 84 131 150 54 173 135 11 196 110 111 81 66 64 130 11 99 71 119 151 163 109
42 95 99 189 8 61 129 168 153 115 198 132 135 194 26 15 154 164 200 160 58 33 174 193 52 115 70 87 105
70 187 197 56 31 18 127 14 26 132 179 157 4 92 17 37 84 77 45 128 181 167 161 64 164 71 103 73 24 108 198 154 71 100 193 51
152 174 149 178 42 171 51 106 91 4 2 57 109 158 148 156 5 200 64 168 52 121
15 41 90 99 110 189 25 154 187 9 130 38 9 166 56 114 28 5 105 170 29 193 94 19 21 72 52 46 23 70 8 80 196 56 5
196 22 94 187 192 2 52 93 75 19 178 88 67 41 194 14 198 182 59 69
117 38 79 175 125 105 175 112 115 133 187 94 160 113 112 103 85 25 180 98 161 187 171 175 5 26 54 76 181 11 97 31 3
74 134 7 35 75 191 193 109 168 195 2 194 150 132 54 67 98 125 191 80 48 169 90 40 144 153 187 136 100 185 193 141 120 91 28 163 194 29 93
61 34 97 172 104 24 82 134 24 151 51 120 85 23 5 80 16 115 57 114 145 23 185 102 160 98 84 149 177 21 34 152 83
173 88 170 94 17 152 99 181 106 33 13 156 21 43 61 3 48 159 12 161 127 121 3 56 141 81 110 160 109 150 88 173 149 111 79
37 34 165 187 150 42 142 188 75 150 59 147 62 142 190 172 53 187 80 156 93 97
69 34 162 32 74 47 197 152 7 127 22 51 63 102 129 87 181 137 160 189 42 97 126 52 99 55 126 187 166 172 86 131 147 66 154 152 50 122 54
43 176 198 158 136 50 188 163 189 153 23 192 136 193 61 120 171 108 4 157 85 75 39 43 175 77 145 106 158 25 3 100 30 61 15 48 52
104 186 136 62 162 110 8 114 197 162 109 188 195 117 190 50 106 178 16 133 120 12 89 28 7 196 21 4 8 7 142 9 161 35 119 78 56 20 115 11 43 92 90 90 138 55 3
125 159 161 45 96 24 61 134 81 105 133 60 130 11 162 69 110 91 88 103 36
120 8 157 199 94 20 62 48 117 136 32 83 84 52 86 42 141 68 94 51 20 85 119 120 145 177 161 64 5 200 66 30 30 71 20 100 30 163 153 39 133
37 196 88 43 178 191 37 177 84 26 147 39 40 29 172 74 35 41 82 6 87 77 185 131 151 140 152 97 108 179 25 97 141 104 23 88 29
135 179 108 10 176 20 38 137 35 197 191 133 167 91 181 160 173 152 114 49 42 159 84 74 18 111 41 28 8 116 113 153 57 195 193 54 79 69 79 70 9 180 95 113 159 52 125 102 85
91 178 158 3 148 153 190 57 187 57 157 91 1 180 10 73 77 31 42 75 183 6 111 132 86 40 38 85
4 48 57 136 183 135 156 150 117 187 71 123 90 196 145 176 34 168 61 65 81 91 3 111 122
147 3 10 42 96 5 9 179 176 66 163 72 128 33 168 15 191 86 147 186 152 23 82 176 102 155 110 66 27 41 181 57 45 4 160 105 32 129 102 164 46 72 113 48 19 177 10 11
143 2 168 166 96 151 116 44 97 186 40 173 133 166 118 119 61 91 130 185 136 138 140 77 131 195 178 110 30 86 80 41 171 107 183 115 56 27 79 182 82 26 197 162 126
61 66 168 15 131 87 103 114 117 92 83 164 166 127 87 144 13 55 163 6 127 168 59
80 45 80 64 193 184 113 100 200 132 186 189 91 107 81 107 74 118 195 130 78 120 81 81 39 91 193 26 59 128 187 136 89 171 149 6 30 14
43 58 16 44 47 44 141 43 94 168 25 19 95 11 86 81 110 83 28 167 175 184 22 7 99
38 87 149 187 117 11 36 187 68 166 125 113 41 38 196 6 72 176 11 45 140 57 155 14 128 6 42 77 16 69 27 17 136 167 26 90 102 184 73 149
137 157 106 178 106 93 167 110 100 82 71 126 138 100 110 91 107 13 142 79 47 36 178 198 9 14 186 79 182 200 116
175 126 194 50 37 192 72 87 107 34 176 8 104 84 125 167 119 61 23 46 179 190 146 191 9 108 169 91 196 37 18 29 96 194 30 179 62 129
88 83 109 77 168 136 185 171 159 70 172 187 119 98 42 10 114 179 158 44 90 156 114 13 158 152 59 21 193 67 59 167 3 184 199 118 156 11 44 152 177 144 27 48 162
71 99 107 139 192 74 39 175 110 27 136 173 127 197 3 51 19 73 15 163 165 64 146 78 110 84 182 126 67 106 59 178 91 122 77 108 135 127 176 92 140 187 30 172 102 40
110 43 191 183 111 79 167 9 90 50 47 41 39 107 121 2 97 9 18 120
179 117 165 53 108 198 69 88 48 121 123 133 197 141 75 156 103 78 137 111 71 82 67 137 68 194 17 13 47 74 154 169 122 95 17 167 49 57 154 16 143 8 169 44 24 58 53 180 193
29 96 170 153 67 162 187 31 29 68 39 31 106 60 102 27 100 59 192 135 84 47 167 86 7 175 77 79 104 17 190 65 180 115 141 14 126 81 80 72 170 22 92 107 133 90
92 95 147 184 3 64 73 151 42 127 53 4 160 84 3 106 28 112 84 19 178 82 90 13 30 40 20 128 92
11 161 163 102 137 5 36 137 69 161 98 87 153 146 197 17 48 120 131 144 197 13 8 123 24 77 139 198 12 161 82 197 172 30 125 3
171 33 187 83 165 98 11 86 141 21 187 170 51 190 20 40 91 54 152 113 107
131 138 53 12 184 127 23 187 146 39 15 10 78 158 33 74 89 63 98 142 102 184 141 33 113 136 91
78 113 174 93 37 166 12 170 126 94 190 194 196 33 181 42 47 178 117 49 29 24 48 198 1 193
155 151 174 135 62 143 1 180 139 200 154 157 116 155 154 198 119 182 4 94 75 117 44 71 172 126 70 9 55 100 171 46
184 162 53 4 95 121 165 114 22 18 172 65 121 84 92 160 26 181 140 53 131 60 104 140 147 160 155 84 34 114 65 193 123 29
145 154 26 171 85 200 100 196 76 190 5 22 183 87 192 18 36 119 113 96 126 143 136 150 142 181 1 60 98 150 59 82 13 7 132 25 129 170 83 113 163 112 58 17 60 86
83 20 159 96 97 179 189 113 54 39 153 79 187 178 47 113 137 159 79 68 185 19 183 14
46 179 131 87 141 53 193 54 129 108 107 25 73 104 51 113 105 89 128 94 44 35 23 19 13 55 57 106 28 176 61 24 38 115 176 120 135 64 106 109 123 61 48 29 85
50 161 17 155 26 187 173 164 95 187 66 131 29 167 46 38 158 44 30 92 61 2 59 120 37 35 99 193 34 27 77 136 48 25 119 113 123 71 198 187 15 14 47 94 68 149
28 118 71 95 149 144 118 157 199 31 24 81 76 38 148 77 184 102 161 182
125 127 181 59 80 117 149 132 6 100 31 71 196 149 125 92 127 16 82 21 136 130 169 133 36 110 76 162 73 187 192 169
81 59 78 68 41 9 22 84 13 47 167 153 183 150 154 4 143 6 61 97 180 24 78 131 114 18 78
94 56 184 24 93 70 80 181 158 104 134 7 4 6 178 161 173 173 73 84 31 176 15 143 86 26 110 115 122 30 187 147 155 98 100 103 151 38 127 90 64
35 175 3 163 164 18 115 50 118 126 43 93 91 67 118 26 160 159 181 51
94 79 188 106 3 17 60 148 74 167 24 48 168 136 43 67 31 119 137 93 109 93 14 170 193 51 178 180 146 31 196 141 96 61 144 13 67 61 82
63 59 25 81 165 113 135 33 195 95 166 57 159 122 87 23 72 150 175 34 57 177 31 32 1 158 117 73
132 102 200 91 177 17 173 88 50 7 36 114 173 44 96 166 12 198 104 156 119 81 109 81 69 137 174 111 122 89
158 37 126 188 97 26 45 109 163 200 90 72 166 121 84 81 90 35 1 103 118 168 56 59 17 169 60 120 25 63 31 66 190 10 114 82 7 94 86 46 140 62 33 165 155
34 15 82 22 128 193 122 33 15 119 4 153 178 18 100 171 2 22 181 137 86 99 135 136 169 20 148 46 136 20 107 63 15 24 21
100 31 18 150 66 177 118 77 107 93 197 52 157 71 48 108 5 84 7 84 172 30 43 116 28 84 68 34 68 147 39 7 149 114 61 41 17 17 77 148 132 52 70
176 64 143 5 19 122 171 105 31 15 188 178 31 191 46 140 140 163 58 147 140 186 184 17 37 11 23 141 125 163 163 96 14 15 67 73
166 140 16 52 71 95 52 27 181 136 48 11 122 163 45 180 56 100 10 71 37 111 83 123 111 60 50 192 55 179 108 142 110 132 51 69 178 60 159 45 81
106 197 113 83 62 8 200 187 36 116 4 182 44 64 27 187 28 147 127 20 5 60 127 85 44 78 198 17 160 66 32
46 134 14 79 12 118 10 23 44 40 25 182 110 118 31 148 19 127 4 87 19 67 50 126 167 61 129 84 80 55 189 188 47 163 36 185 82 146 104 61 8 33 168 120 139
23 83 20 178 32 107 77 82 9 52 134 188 85 92 160 9 134 144 109 158 108 68 13 24 91 180 77 34 12 33 16 181 71 62 109 157 30 115 110 143 29
192 103 196 49 7 75 67 13 115 128 190 69 59 157 74 18 171 114 176 167 102 42 45 107 177
181 167 149 97 134 179 77 163 1 34 25 138 183 133 38 170 149 196 183 120 18 30
161 9 51 140 108 15 64 95 59 187 165 161 131 32 176 151 188 161 94 81 171 50 56
198 59 78 190 160 28 96 110 20 116 88 27 130 138 51 119 181 139 99 180 100 190 188 42 49
190 39 110 39 121 60 118 178 97 58 140 187 153 130 96 8 30 90 35 147 200 145 50 176 87 16 136 71 55 105 47 114 106 35 132 179 192
144 31 40 133 17 85 76 134 110 83 147 94 38 185 172 91 88 179 90 65 137 64 158 196 96 68 79 95 21 153 191 199 75 157 32 58 13 160 38 166 100 166 5 74 172 50 114 149 11 197
76 77 86 131 89 157 75 188 18 138 175 111 63 200 99 185 99 42 102 127 171 197 22 123 174
128 71 85 145 46 163 35 100 190 155 53 8 191 111 79 119 176 84 90 110
175 41 29 132 170 104 94 167 27 2 54 69 112 6 158 148 128 66 72 113 80 120 199 131 196 176 107 198 51 189 33 188 151 9 175 93 190 82
82 172 36 6 103 73 126 112 169 40 131 102 191 5 50 88 200 24 84 191 173 46 120 160 16 174 86 81 8 40 141 159 112 172 193 81 197 188 86 48 49 145 163 109 66 119 66 34 151
76 197 179 186 136 35 131 195 171 21 50 11 123 122 78 69 22 178 100 58 198 149 91 199 84 67 113 128
128 127 19 68 85 49 45 117 159 30 42 136 167 45 113 76 44 59 73 185 17 34 1 174 53
94 12 155 13 66 78 154 84 8 195 2 85 22 104 50 149 138 196 151 87 97 166 70 92 172 163 90 16 185 66 150 24 187 108 69 119 145 176 181 119 144 12 91
94 158 158 119 95 131 2 149 117 149 143 125 55 113 29 130 169 26 173 24 61 93 156 168 91 172 13 145 170
45 129 185 22 143 79 189 196 29 70 190 90 115 70 187 40 13 68 157 146 12 77 106 43 163 194 33 193 71 193 9 64 2 74 3 46 57 87 68
35 42 189 183 41 105 7 37 60 133 84 140 123 129 82 197 188 99 26 144 157 164 7 146 59 160 59 116 135 180 160 46 5 182 59 68 46 161 168 143 105 137 105
